onsets_time,is_valid_subdivision_assignment,subdivision,subdivision_index,cycle,relative_location_within_the_cycle_interpolated,relative_location_within_the_cycle_democratic
0.242,0,NaN,NaN,NaN,NaN,NaN
0.308,0,NaN,NaN,NaN,NaN,NaN
0.447,0,NaN,NaN,NaN,NaN,NaN
0.594,0,NaN,NaN,NaN,NaN,NaN
0.761,0,NaN,NaN,NaN,NaN,NaN
0.989,0,NaN,NaN,NaN,NaN,NaN
1.3,0,NaN,NaN,NaN,NaN,NaN
1.511,0,NaN,NaN,NaN,NaN,NaN
1.833,0,NaN,NaN,NaN,NaN,NaN
2.361,0,NaN,NaN,1,NaN,NaN
2.54,0,NaN,NaN,1,NaN,NaN
2.684,0,NaN,NaN,1,NaN,NaN
2.861,0,NaN,NaN,1,NaN,NaN
3.054,0,NaN,NaN,1,NaN,NaN
3.355,0,NaN,NaN,1,NaN,NaN
3.544,0,NaN,NaN,1,NaN,NaN
3.832,0,NaN,NaN,1,NaN,NaN
4.033,0,NaN,NaN,1,NaN,NaN
4.318,1,0,1,2,-0.0584092080398557,-0.0584092080398557
4.513,1,0.3,2,2,0.343583576705034,0.343583576705034
4.66,1,0.6,3,2,0.646624291358874,0.646624291358874
4.836,1,1,4,2,1.00944854835939,1.00944854835939
5.034,1,1.3,5,2,1.41762583748497,1.41762583748497
5.341,1,2,7,2,2.05050678577564,2.05050678577564
5.523,1,2.3,8,2,2.42570005153754,2.42570005153754
5.805,1,3,10,2,3.00704346332245,3.00704346332245
5.993,1,3.3,11,2,3.39460573784573,3.39460573784573
6.278,1,0,1,3,-0.0183421516754849,-0.0183421516754849
6.458,1,0.3,2,3,0.362610229276897,0.362610229276897
6.586,1,0.6,3,3,0.633509700176368,0.633509700176368
6.746,1,1,4,3,0.972134038800707,0.972134038800707
6.946,1,1.3,5,3,1.39541446208113,1.39541446208113
7.241,1,2,7,3,2.01975308641975,2.01975308641975
7.414,1,2.3,8,3,2.38589065255732,2.38589065255732
7.708,1,3,10,3,3.00811287477954,3.00811287477954
7.886,1,3.3,11,3,3.38483245149912,3.38483245149912
8.179,1,0,1,4,0.0050733828592121,0.0050733828592121
8.343,1,0.3,2,4,0.361659720963941,0.361659720963941
8.466,1,0.6,3,4,0.629099474542486,0.629099474542486
8.62,1,1,4,4,0.963942743250585,0.963942743250585
8.795,1,1.3,5,4,1.34444645769161,1.34444645769161
8.934,1,1.6,6,4,1.64667512230476,1.64667512230476
9.079,1,2,7,4,1.9619496285559,1.9619496285559
9.266,1,2.3,8,4,2.36854502627287,2.36854502627287
9.531,1,3,10,4,2.94473636528357,2.94473636528357
9.721,1,3.3,11,4,3.35785468381953,3.35785468381953
9.999,1,0,1,5,-0.037907782030253,-0.037907782030253
10.173,1,0.3,2,5,0.342628029888827,0.342628029888827
10.309,1,0.6,3,5,0.640058319664659,0.640058319664659
10.469,1,1,4,5,0.989976307636229,0.989976307636229
10.654,1,1.3,5,5,1.39456898122836,1.39456898122836
10.929,1,2,7,5,1.99599052305449,1.99599052305449
11.111,1,2.3,8,5,2.39402223437215,2.39402223437215
11.374,1,3,10,5,2.96919992710042,2.96919992710042
11.571,1,3.3,11,5,3.40003644979041,3.40003644979041
11.835,1,0,1,6,-0.0226732492228931,-0.0226732492228931
12.012,1,0.3,2,6,0.365697568111171,0.365697568111171
12.135,1,0.6,3,6,0.635582373377214,0.635582373377214
12.295,1,1,4,6,0.98665203876394,0.98665203876394
12.474,1,1.3,5,6,1.37941122691534,1.37941122691534
12.758,1,2,7,6,2.00255988297677,2.00255988297677
12.933,1,2.3,8,6,2.38654232949351,2.38654232949351
13.195,1,3,10,6,2.96141890656427,2.96141890656427
13.383,1,3.3,11,6,3.37392576339367,3.37392576339367
13.652,1,0,1,7,-0.0365535248041825,-0.0365535248041825
13.817,1,0.3,2,7,0.332711674748226,0.332711674748226
13.945,1,0.6,3,7,0.619171950764638,0.619171950764638
14.101,1,1,4,7,0.968295412159641,0.968295412159641
14.267,1,1.3,5,7,1.33979858261842,1.33979858261842
14.407,1,1.6,6,7,1.65311450951137,1.65311450951137
14.549,1,2,7,7,1.97090637821708,1.97090637821708
14.731,1,2.3,8,7,2.37821708317792,2.37821708317792
14.986,1,3,10,7,2.94889966430436,2.94889966430436
15.174,1,3.3,11,7,3.36963819470347,3.36963819470347
15.441,1,0,1,8,-0.0327502791216974,-0.0327502791216974
15.607,1,0.3,2,8,0.337923334573871,0.337923334573871
15.739,1,0.6,3,8,0.632675846669148,0.632675846669148
15.89,1,1,4,8,0.969854856717529,0.969854856717529
16.078,1,1.3,5,8,1.38965388909564,1.38965388909564
16.348,1,2,7,8,1.99255675474507,1.99255675474507
16.521,1,2.3,8,8,2.378861183476,2.378861183476
16.793,1,3,10,8,2.98622999627838,2.98622999627838
16.969,1,3.3,11,8,3.37923334573874,3.37923334573874
17.235,1,0,1,9,-0.0269259536275253,-0.0269259536275253
17.401,1,0.3,2,9,0.345549738219895,0.345549738219895
17.527,1,0.6,3,9,0.628272251308903,0.628272251308903
17.683,1,1,4,9,0.978309648466716,0.978309648466716
17.86,1,1.3,5,9,1.3754674644727,1.3754674644727
18.131,1,2,7,9,1.98354525056096,1.98354525056096
18.303,1,2.3,8,9,2.36948391922214,2.36948391922214
18.576,1,3,10,9,2.98204936424832,2.98204936424832
18.753,1,3.3,11,9,3.3792071802543,3.3792071802543
19.01,1,0,1,10,-0.0448839863065786,-0.0448839863065786
19.179,1,0.3,2,10,0.340813997717758,0.340813997717758
19.309,1,0.6,3,10,0.637504754659567,0.637504754659567
19.462,1,1,4,10,0.986686953214148,0.986686953214148
19.622,1,1.3,5,10,1.35184480791175,1.35184480791175
19.754,1,1.6,6,10,1.65310003803728,1.65310003803728
19.89,1,2,7,10,1.96348421453024,1.96348421453024
20.064,1,2.3,8,10,2.36059338151388,2.36059338151388
20.331,1,3,10,10,2.96995055154051,2.96995055154051
20.513,1,3.3,11,10,3.38531761125904,3.38531761125904
20.777,1,0,1,11,-0.0122044241037363,-0.0122044241037363
20.942,1,0.3,2,11,0.365369946605644,0.365369946605644
21.059,1,0.6,3,11,0.633104500381389,0.633104500381389
21.207,1,1,4,11,0.971777269260107,0.971777269260107
21.37,1,1.3,5,11,1.34477498093059,1.34477498093059
21.497,1,1.6,6,11,1.63539282990084,1.63539282990084
21.64,1,2,7,11,1.9626239511823,1.9626239511823
21.81,1,2.3,8,11,2.35163996948893,2.35163996948893
22.082,1,3,10,11,2.97406559877956,2.97406559877956
22.26,1,3.3,11,11,3.3813882532418,3.3813882532418
22.528,1,0,1,12,-0.00535372848949029,-0.00535372848949029
22.686,1,0.3,2,12,0.357170172084127,0.357170172084127
22.8,1,0.6,3,12,0.618738049713192,0.618738049713192
22.952,1,1,4,12,0.967495219885278,0.967495219885278
23.114,1,1.3,5,12,1.33919694072658,1.33919694072658
23.241,1,1.6,6,12,1.63059273422562,1.63059273422562
23.385,1,2,7,12,1.96099426386233,1.96099426386233
23.558,1,2.3,8,12,2.35793499043977,2.35793499043977
23.82,1,3,10,12,2.95908221797323,2.95908221797323
23.993,1,3.3,11,12,3.35602294455066,3.35602294455066
24.263,1,0,1,13,-0.0247486465583887,-0.0247486465583887
24.423,1,0.3,2,13,0.346481051817474,0.346481051817474
24.543,1,0.6,3,13,0.62490332559938,0.62490332559938
24.694,1,1,4,13,0.975251353441607,0.975251353441607
24.858,1,1.3,5,13,1.35576179427688,1.35576179427688
24.988,1,1.6,6,13,1.65738592420727,1.65738592420727
25.133,1,2,7,13,1.9938128383604,1.9938128383604
25.3,1,2.3,8,13,2.38128383604022,2.38128383604022
25.561,1,3,10,13,2.98685228151586,2.98685228151586
25.831,1,3.6,12,13,3.61330239752514,3.61330239752514
25.993,1,0,1,14,-0.0109717868338525,-0.0109717868338525
26.287,1,0.6,3,14,0.680250783699062,0.680250783699062
26.401,1,1,4,14,0.948275862068969,0.948275862068969
26.486,0,1,4,14,1.14811912225706,1.14811912225706
26.591,1,1.3,5,14,1.39498432601881,1.39498432601881
26.709,1,1.6,6,14,1.67241379310345,1.67241379310345
26.841,1,2,7,14,1.98275862068966,1.98275862068966
27.017,1,2.3,8,14,2.39655172413793,2.39655172413793
27.258,1,3,10,14,2.96316614420062,2.96316614420062
27.553,1,3.6,12,14,3.65673981191222,3.65673981191222
27.676,1,0,1,15,-0.0543521071287986,-0.0543521071287986
27.749,0,0,1,15,0.1181567546278,0.1181567546278
27.847,1,0.3,2,15,0.349743993698306,0.349743993698306
27.962,1,0.6,3,15,0.621504529342257,0.621504529342257
28.108,1,1,4,15,0.966522252855454,0.966522252855454
28.292,1,1.3,5,15,1.40133910988578,1.40133910988578
28.536,1,2,7,15,1.97794407246948,1.97794407246948
28.716,1,2.3,8,15,2.40330838912958,2.40330838912958
28.955,1,3,10,15,2.96809767625049,2.96809767625049
29.14,1,3.3,11,15,3.40527766837338,3.40527766837338
29.379,1,0,1,16,-0.0300098716683065,-0.0300098716683065
29.567,1,0.3,2,16,0.415399802566636,0.415399802566636
29.804,1,1,4,16,0.976900296150046,0.976900296150046
29.987,1,1.3,5,16,1.41046396841066,1.41046396841066
30.222,1,2,7,16,1.96722606120435,1.96722606120435
30.4,1,2.3,8,16,2.38894373149062,2.38894373149062
30.647,1,3,10,16,2.9741362290227,2.9741362290227
30.828,1,3.3,11,16,3.40296150049358,3.40296150049358
31.078,1,0,1,17,-0.00478278198486036,-0.00478278198486036
31.233,1,0.3,2,17,0.365882821841368,0.365882821841368
31.347,1,0.6,3,17,0.638501394978077,0.638501394978077
31.508,1,1,4,17,1.02351534475886,1.02351534475886
31.659,1,1.3,5,17,1.38461538461538,1.38461538461538
31.91,1,2,7,17,1.98485452371462,1.98485452371462
32.074,1,2.3,8,17,2.37704264647269,2.37704264647269
32.192,1,2.6,9,17,2.65922678357911,2.65922678357911
32.326,1,3,10,17,2.97967317656436,2.97967317656436
32.495,1,3.3,11,17,3.38381825428456,3.38381825428456
32.741,1,0,1,18,-0.0280112044818013,-0.0280112044818013
32.909,1,0.3,2,18,0.375350140056011,0.375350140056011
33.019,1,0.6,3,18,0.639455782312912,0.639455782312912
33.168,1,1,4,18,0.997198879551809,0.997198879551809
33.331,1,1.3,5,18,1.38855542216886,1.38855542216886
33.577,1,2,7,18,1.97919167667065,1.97919167667065
33.743,1,2.3,8,18,2.37775110044017,2.37775110044017
33.859,1,2.6,9,18,2.65626250500199,2.65626250500199
33.996,1,3,10,18,2.98519407763104,2.98519407763104
34.151,1,3.3,11,18,3.35734293717486,3.35734293717486
34.404,1,0,1,19,-0.0354624219222336,-0.0354624219222336
34.554,1,0.3,2,19,0.327221438645969,0.327221438645969
34.68,1,0.6,3,19,0.631875881523257,0.631875881523257
34.814,1,1,4,19,0.955873463630855,0.955873463630855
34.959,1,1.3,5,19,1.30646786218013,1.30646786218013
35.082,1,1.6,6,19,1.60386862784605,1.60386862784605
35.213,1,2,7,19,1.92061253274229,1.92061253274229
35.383,1,2.3,8,19,2.33165424138626,2.33165424138626
35.634,1,3,10,19,2.93854523473705,2.93854523473705
35.81,1,3.3,11,19,3.36409429780375,3.36409429780375
36.068,1,0,1,20,-0.0123380629241273,-0.0123380629241273
36.226,1,0.3,2,20,0.377544725478098,0.377544725478098
36.33,1,0.6,3,20,0.634176434299812,0.634176434299812
36.47,1,1,4,20,0.9796421961752,0.9796421961752
36.627,1,1.3,5,20,1.36705737199261,1.36705737199261
36.745,1,1.6,6,20,1.65823565700185,1.65823565700185
36.879,1,2,7,20,1.98889574336829,1.98889574336829
37.028,1,2.3,8,20,2.3565700185071,2.3565700185071
37.145,1,2.6,9,20,2.64528069093154,2.64528069093154
37.283,1,3,10,20,2.98581122763727,2.98581122763727
37.437,1,3.3,11,20,3.36582356570019,3.36582356570019
37.552,1,3.6,12,20,3.64959901295498,3.64959901295498
37.684,1,0,1,21,-0.0243506493506444,-0.0243506493506444
37.835,1,0.3,2,21,0.343344155844168,0.343344155844168
37.954,1,0.6,3,21,0.633116883116894,0.633116883116894
38.093,1,1,4,21,0.971590909090926,0.971590909090926
38.265,1,1.3,5,21,1.39042207792209,1.39042207792209
38.516,1,2,7,21,2.00162337662338,2.00162337662338
38.681,1,2.3,8,21,2.40340909090909,2.40340909090909
38.926,1,3,10,21,3.00000000000001,3.00000000000001
39.091,1,3.3,11,21,3.40178571428572,3.40178571428572
39.332,1,0,1,22,-0.0113960113960079,-0.0113960113960079
39.496,1,0.3,2,22,0.389092389092395,0.389092389092395
39.603,1,0.6,3,22,0.650386650386654,0.650386650386654
39.74,1,1,4,22,0.984940984940988,0.984940984940988
39.895,1,1.3,5,22,1.36345136345137,1.36345136345137
40.008,1,1.6,6,22,1.63939763939764,1.63939763939764
40.154,1,2,7,22,1.99592999593,1.99592999593
40.306,1,2.3,8,22,2.36711436711435,2.36711436711435
40.43,1,2.6,9,22,2.66992266992266,2.66992266992266
40.568,1,3,10,22,3.00691900691899,3.00691900691899
40.715,1,3.3,11,22,3.36589336589337,3.36589336589337
40.833,1,3.6,12,22,3.65404965404964,3.65404965404964
40.967,1,0,1,23,-0.0187601957585787,-0.0187601957585787
41.116,1,0.3,2,23,0.345840130505699,0.345840130505699
41.233,1,0.6,3,23,0.63213703099509,0.63213703099509
41.376,1,1,4,23,0.982055464926577,0.982055464926577
41.543,1,1.3,5,23,1.39070146818923,1.39070146818923
41.782,1,2,7,23,1.97553017944534,1.97553017944534
41.949,1,2.3,8,23,2.38417618270799,2.38417618270799
42.185,1,3,10,23,2.96166394779772,2.96166394779772
42.351,1,3.3,11,23,3.36786296900489,3.36786296900489
42.598,1,0,1,24,-0.0282685512367482,-0.0282685512367482
42.757,1,0.3,2,24,0.368322594055288,0.368322594055288
42.858,1,0.6,3,24,0.620245271253373,0.620245271253373
43.002,1,1,4,24,0.97942215755561,0.97942215755561
43.154,1,1.3,5,24,1.35855331531907,1.35855331531907
43.269,1,1.6,6,24,1.64539596757431,1.64539596757431
43.404,1,2,7,24,1.98212429848265,1.98212429848265
43.562,1,2.3,8,24,2.37622115984202,2.37622115984202
43.669,1,2.6,9,24,2.64310954063603,2.64310954063603
43.803,1,3,10,24,2.97734358761172,2.97734358761172
43.954,1,3.3,11,24,3.35398046144253,3.35398046144253
44.071,1,3.6,12,24,3.64581168156308,3.64581168156308
44.205,1,0,1,25,-0.0200000000000067,-0.0200000000000067
44.359,1,0.3,2,25,0.365000000000003,0.365000000000003
44.468,1,0.6,3,25,0.637500000000009,0.637500000000009
44.61,1,1,4,25,0.9925,0.9925
44.887,1,1.6,6,25,1.685,1.685
45.153,1,2.3,8,25,2.35,2.35
45.411,1,3,10,25,2.99500000000001,2.99500000000001
45.673,1,3.6,12,25,3.65000000000002,3.65000000000002
45.793,1,0,1,26,-0.0497306257770312,-0.0497306257770312
45.874,0,0,1,26,0.151678408619993,0.151678408619993
45.956,1,0.3,2,26,0.355573974305863,0.355573974305863
46.072,1,0.6,3,26,0.644011603812701,0.644011603812701
46.208,1,1,4,26,0.982179859096569,0.982179859096569
46.382,1,1.3,5,26,1.41483630335683,1.41483630335683
46.603,1,2,7,26,1.96435971819314,1.96435971819314
46.771,1,2.3,8,26,2.38209697472028,2.38209697472028
47.018,1,3,10,26,2.99627020306674,2.99627020306674
47.255,1,3.6,12,26,3.58557811852468,3.58557811852468
47.412,1,0,1,27,-0.0240663900414788,-0.0240663900414788
48.075,1,1.6,6,27,1.62655601659753,1.62655601659753
48.346,1,2.3,8,27,2.301244813278,2.301244813278
48.617,1,3,10,27,2.9759336099585,2.9759336099585
48.89,1,3.6,12,27,3.65560165975103,3.65560165975103
49.011,1,0,1,28,-0.0433604336043358,-0.0433604336043358
49.084,0,0,1,28,0.139253700229312,0.139253700229312
49.171,1,0.3,2,28,0.356889722743374,0.356889722743374
49.289,1,0.6,3,28,0.652074213049821,0.652074213049821
49.423,1,1,4,28,0.987283718991036,0.987283718991036
49.707,1,1.6,6,28,1.69772774650823,1.69772774650823
49.817,1,2,7,28,1.97289972899729,1.97289972899729
49.972,1,2.3,8,28,2.36064206795914,2.36064206795914
50.179,0,3,10,28,2.87846570773401,2.87846570773401
50.261,0,3,10,28,3.08359391286221,3.08359391286221
50.363,1,3.3,11,28,3.33875338753387,3.33875338753387
50.473,1,3.6,12,28,3.61392537002293,3.61392537002293
50.622,1,0,1,29,-0.0134708482424737,-0.0134708482424737
50.868,1,0.6,3,29,0.607872026941701,0.607872026941701
50.981,0,1,4,29,0.893285624079144,0.893285624079144
51.063,0,1,4,29,1.1003999158072,1.1003999158072
51.155,1,1.3,5,29,1.3327720479899,1.3327720479899
51.274,1,1.6,6,29,1.63334034940012,1.63334034940012
51.407,1,2,7,29,1.96926962744684,1.96926962744684
51.666,1,2.6,9,29,2.62344769522204,2.62344769522204
51.777,1,3,10,29,2.90380972426857,2.90380972426857
51.854,0,3,10,29,3.0982950957693,3.0982950957693
51.948,1,3.3,11,29,3.33571879604293,3.33571879604293
52.068,1,3.6,12,29,3.63881288149861,3.63881288149861
52.213,1,0,1,30,0.00509770603227359,0.00509770603227359
52.456,1,0.6,3,30,0.624468988954964,0.624468988954964
52.562,1,1,4,30,0.89464740866608,0.89464740866608
52.642,0,1,4,30,1.09855564995751,1.09855564995751
52.741,1,1.3,5,30,1.35089209855564,1.35089209855564
52.859,1,1.6,6,30,1.65165675446048,1.65165675446048
52.992,1,2,7,30,1.99065420560746,1.99065420560746
53.247,1,2.6,9,30,2.64061172472386,2.64061172472386
53.355,1,3,10,30,2.91588785046727,2.91588785046727
53.439,0,3,10,30,3.12999150382327,3.12999150382327
53.534,1,3.3,11,30,3.37213254035682,3.37213254035682
53.653,1,3.6,12,30,3.67544604927781,3.67544604927781
53.791,1,0,1,31,0.0273913973892362,0.0273913973892362
54.03,1,0.6,3,31,0.641129895142298,0.641129895142298
54.136,1,1,4,31,0.913331906698049,0.913331906698049
54.214,0,1,4,31,1.11363150010698,1.11363150010698
54.308,1,1.3,5,31,1.35501818959982,1.35501818959982
54.429,1,1.6,6,31,1.66573935373421,1.66573935373421
54.558,1,2,7,31,1.99700406591054,1.99700406591054
54.806,1,2.6,9,31,2.63385405521077,2.63385405521077
54.912,1,3,10,31,2.90605606676652,2.90605606676652
54.99,0,3,10,31,3.10635566017548,3.10635566017548
55.087,1,3.3,11,31,3.35544618018404,3.35544618018404
55.202,1,3.6,12,31,3.65075968328696,3.65075968328696
55.34,0,0,1,32,0.00515353231694855,0.00515353231694855
55.59,1,0.6,3,32,0.64934507193473,0.64934507193473
55.695,1,1,4,32,0.91990551857419,0.91990551857419
55.769,0,1,4,32,1.11058621430105,1.11058621430105
55.863,1,1.3,5,32,1.35280223319734,1.35280223319734
55.971,1,1.6,6,32,1.63109297831221,1.63109297831221
56.095,1,2,7,32,1.95061198196264,1.95061198196264
56.252,1,2.3,8,32,2.35516426884261,2.35516426884261
56.498,1,3,10,32,2.9890487438265,2.9890487438265
56.753,1,3.6,12,32,3.64612411423664,3.64612411423664
56.872,1,0,1,33,-0.0467637368476926,-0.0467637368476926
56.954,0,0,1,33,0.162397704325653,0.162397704325653
57.041,1,0.3,2,33,0.384312891911997,0.384312891911997
57.152,1,0.6,3,33,0.667446062280803,0.667446062280803
57.276,1,1,4,33,0.983738973323427,0.983738973323427
57.427,1,1.3,5,33,1.36890211499628,1.36890211499628
57.653,1,2,7,33,1.94537145286428,1.94537145286428
57.825,1,2.3,8,33,2.38410032947179,2.38410032947179
58.064,1,3,10,33,2.9937294080136,2.9937294080136
58.234,0,3.3,11,33,3.42735678605591,3.42735678605591
58.467,0,0,1,34,0.0214375788146229,0.0214375788146229
58.618,0,0.3,2,34,0.402269861286258,0.402269861286258
58.719,1,0.6,3,34,0.656998738965954,0.656998738965954
59.007,1,1.3,5,34,1.38335435056746,1.38335435056746
59.256,1,2,7,34,2.01134930643127,2.01134930643127
59.398,1,2.3,8,34,2.36948297604036,2.36948297604036
59.647,1,3,10,34,2.99747793190416,2.99747793190416
59.791,1,3.3,11,34,3.36065573770491,3.36065573770491
60.189,1,0.3,2,35,0.369289745501014,0.369289745501014
60.293,1,0.6,3,35,0.635076136726655,0.635076136726655
60.582,1,1.3,5,35,1.37365562772868,1.37365562772868
60.83,1,2,7,35,2.00745394526675,2.00745394526675
60.981,1,2.3,8,35,2.39335534021937,2.39335534021937
61.191,1,3,10,35,2.930039399425,2.930039399425
61.268,0,3,10,35,3.12682355446705,3.12682355446705
61.362,1,3.3,11,35,3.367053561921,3.367053561921
61.469,1,3.6,12,35,3.64050686827815,3.64050686827815
61.601,1,0,1,36,-0.0221088435374058,-0.0221088435374058
61.742,1,0.3,2,36,0.337585034013611,0.337585034013611
61.861,1,0.6,3,36,0.641156462585039,0.641156462585039
62.154,1,1.3,5,36,1.38860544217687,1.38860544217687
62.393,1,2,7,36,1.99829931972791,1.99829931972791
62.545,1,2.3,8,36,2.38605442176873,2.38605442176873
62.781,1,3,10,36,2.98809523809525,2.98809523809525
62.933,1,3.3,11,36,3.37585034013607,3.37585034013607
63.174,1,0,1,37,-0.00937566588534531,-0.00937566588534531
63.313,1,0.3,2,37,0.346047304496079,0.346047304496079
63.432,1,0.6,3,37,0.650330279139161,0.650330279139161
63.714,1,1.3,5,37,1.37140421904965,1.37140421904965
63.949,1,2,7,37,1.97229916897507,1.97229916897507
64.116,1,2.3,8,37,2.39931813339015,2.39931813339015
64.328,1,3,10,37,2.9414020882165,2.9414020882165
64.499,1,3.3,11,37,3.37864905177923,3.37864905177923
64.731,1,0,1,38,-0.0280135823429796,-0.0280135823429796
64.884,1,0.3,2,38,0.361629881154492,0.361629881154492
64.999,1,0.6,3,38,0.654499151103547,0.654499151103547
65.285,1,1.3,5,38,1.38285229202036,1.38285229202036
65.522,1,2,7,38,1.98641765704586,1.98641765704586
65.677,1,2.3,8,38,2.38115449915109,2.38115449915109
65.907,1,3,10,38,2.96689303904924,2.96689303904924
65.988,0,3,10,38,3.17317487266555,3.17317487266555
66.075,1,3.3,11,38,3.39473684210529,3.39473684210529
66.179,1,3.6,12,38,3.6595925297114,3.6595925297114
66.297,1,0,1,39,-0.0403866809881697,-0.0403866809881697
66.44,1,0.3,2,39,0.328249194414622,0.328249194414622
66.558,1,0.6,3,39,0.632438238453276,0.632438238453276
66.837,1,1.3,5,39,1.35166487647693,1.35166487647693
67.086,1,2,7,39,1.99355531686359,1.99355531686359
67.237,1,2.3,8,39,2.38281417830289,2.38281417830289
67.46,1,3,10,39,2.95767991407088,2.95767991407088
67.631,1,3.3,11,39,3.39849624060151,3.39849624060151
67.859,1,0,1,40,-0.0135421074904948,-0.0135421074904948
68.007,1,0.3,2,40,0.362251375370302,0.362251375370302
68.119,1,0.6,3,40,0.646635632670331,0.646635632670331
68.416,1,1.3,5,40,1.40076174354633,1.40076174354633
68.643,1,2,7,40,1.97714769360982,1.97714769360982
68.803,1,2.3,8,40,2.38341091832415,2.38341091832415
69.037,1,3,10,40,2.97757088446891,2.97757088446891
69.2,1,3.3,11,40,3.39145154464664,3.39145154464664
69.426,1,0,1,41,-0.0349978659837788,-0.0349978659837788
69.573,1,0.3,2,41,0.341442594963739,0.341442594963739
69.696,1,0.6,3,41,0.656423388817749,0.656423388817749
69.982,1,1.3,5,41,1.38881775501494,1.38881775501494
70.214,1,2,7,41,1.98292787025181,1.98292787025181
70.373,1,2.3,8,41,2.39009816474607,2.39009816474607
70.595,1,3,10,41,2.95860008536065,2.95860008536065
70.679,0,3,10,41,3.1737089201878,3.1737089201878
70.762,1,3.3,11,41,3.38625693555271,3.38625693555271
70.875,1,3.6,12,41,3.67562953478447,3.67562953478447
70.994,1,0,1,42,-0.0195536663124304,-0.0195536663124304
71.142,1,0.3,2,42,0.357917109458018,0.357917109458018
71.255,1,0.6,3,42,0.646121147715191,0.646121147715191
71.545,1,1.3,5,42,1.38575982996813,1.38575982996813
71.787,1,2,7,42,2.00297555791714,2.00297555791714
71.934,1,2.3,8,42,2.37789585547291,2.37789585547291
72.323,1,3.3,11,42,3.37003188097772,3.37003188097772
72.553,1,0,1,43,-0.0434042553191382,-0.0434042553191382
72.704,1,0.3,2,43,0.342127659574503,0.342127659574503
72.821,1,0.6,3,43,0.640851063829795,0.640851063829795
73.11,1,1.3,5,43,1.37872340425533,1.37872340425533
73.334,1,2,7,43,1.95063829787235,1.95063829787235
73.502,1,2.3,8,43,2.3795744680851,2.3795744680851
73.728,1,3,10,43,2.95659574468083,2.95659574468083
73.896,1,3.3,11,43,3.38553191489361,3.38553191489361
74.118,1,0,1,44,-0.0477611940298728,-0.0477611940298728
74.274,1,0.3,2,44,0.351385927505324,0.351385927505324
74.385,1,0.6,3,44,0.635394456289983,0.635394456289983
74.676,1,1.3,5,44,1.37995735607676,1.37995735607676
74.902,1,2,7,44,1.95820895522388,1.95820895522388
75.058,1,2.3,8,44,2.35735607675904,2.35735607675904
75.273,1,3,10,44,2.90746268656715,2.90746268656715
75.355,0,3,10,44,3.11727078891258,3.11727078891258
75.451,1,3.3,11,44,3.36289978678036,3.36289978678036
75.564,1,3.6,12,44,3.65202558635392,3.65202558635392
75.684,1,0,1,45,-0.0409818569904085,-0.0409818569904085
75.832,1,0.3,2,45,0.338100320170734,0.338100320170734
75.946,1,0.6,3,45,0.630096051227308,0.630096051227308
76.233,1,1.3,5,45,1.36520811099253,1.36520811099253
76.481,1,2,7,45,2.00042689434363,2.00042689434363
76.629,1,2.3,8,45,2.37950907150481,2.37950907150481
76.853,1,3,10,45,2.95325506937034,2.95325506937034
77.019,1,3.3,11,45,3.37844183564568,3.37844183564568
77.238,1,0,1,46,-0.0606707968382928,-0.0606707968382928
77.401,1,0.3,2,46,0.357188634907052,0.357188634907052
77.516,1,0.6,3,46,0.651997436445172,0.651997436445172
77.799,1,1.3,5,46,1.37748344370862,1.37748344370862
78.044,1,2,7,46,2.00555436872462,2.00555436872462
78.196,1,2.3,8,46,2.39521469771415,2.39521469771415
78.428,1,3,10,46,2.98995941038238,2.98995941038238
78.67,1,3.6,12,46,3.61033967101047,3.61033967101047
78.807,1,0,1,47,-0.0388265746333061,-0.0388265746333061
79.093,1,0.6,3,47,0.701466781708372,0.701466781708372
79.459,1,1.6,6,47,1.648835202761,1.648835202761
79.739,1,2.3,8,47,2.37359792924936,2.37359792924936
79.976,1,3,10,47,2.98705780845556,2.98705780845556
80.227,1,3.6,12,47,3.6367558239862,3.6367558239862
80.348,1,0,1,48,-0.0498817458611113,-0.0498817458611113
80.432,0,0,1,48,0.166845839604389,0.166845839604389
80.518,1,0.3,2,48,0.388733605676199,0.388733605676199
80.615,1,0.6,3,48,0.639002365082764,0.639002365082764
80.743,1,1,4,48,0.969253923887324,0.969253923887324
80.908,1,1.3,5,48,1.39496882390884,1.39496882390884
81.13,1,2,7,48,1.96774887121048,1.96774887121048
81.299,1,2.3,8,48,2.40378413244466,2.40378413244466
81.525,1,3,10,48,2.98688454095896,2.98688454095896
81.763,1,3.6,12,48,3.60094603311118,3.60094603311118
81.907,1,0,1,49,-0.0274678111587951,-0.0274678111587951
82.546,1,1.6,6,49,1.61802575107294,1.61802575107294
82.83,1,2.3,8,49,2.34935622317596,2.34935622317596
83.077,1,3,10,49,2.98540772532188,2.98540772532188
83.339,1,3.6,12,49,3.66008583690986,3.66008583690986
83.456,1,0,1,50,-0.0388349514563121,-0.0388349514563121
83.53,0,0,1,50,0.152750809061482,0.152750809061482
83.617,1,0.3,2,50,0.377993527508092,0.377993527508092
83.726,1,0.6,3,50,0.660194174757269,0.660194174757269
83.852,1,1,4,50,0.986407766990291,0.986407766990291
84.015,1,1.3,5,50,1.40841423948219,1.40841423948219
84.231,1,2,7,50,1.96763754045305,1.96763754045305
84.391,1,2.3,8,50,2.38187702265369,2.38187702265369
84.62,1,3,10,50,2.9747572815534,2.9747572815534
84.86,1,3.6,12,50,3.59611650485435,3.59611650485435
85.003,1,0,1,51,-0.0338101430429262,-0.0338101430429262
85.628,1,1.6,6,51,1.59167750325095,1.59167750325095
85.93,1,2.3,8,51,2.37711313394017,2.37711313394017
86.191,1,3,10,51,3.05591677503248,3.05591677503248
86.425,1,3.6,12,51,3.66449934980489,3.66449934980489
86.535,1,0,1,52,-0.0493613336220478,-0.0493613336220478
86.617,0,0,1,52,0.1636717904308,0.1636717904308
86.7,1,0.3,2,52,0.379302879411098,0.379302879411098
86.802,1,0.6,3,52,0.644295302013369,0.644295302013369
86.924,1,1,4,52,0.961247023165174,0.961247023165174
87.1,1,1.3,5,52,1.41848885040048,1.41848885040048
87.317,1,2,7,52,1.98224723966227,1.98224723966227
87.575,1,2.6,9,52,2.65252219095042,2.65252219095042
87.684,1,3,10,52,2.93570036804502,2.93570036804502
87.766,0,3,10,52,3.14873349209783,3.14873349209783
87.849,1,3.3,11,52,3.36436458107816,3.36436458107816
87.966,1,3.6,12,52,3.66832647759258,3.66832647759258
88.078,1,0,1,53,-0.0410569993448199,-0.0410569993448199
88.155,0,0,1,53,0.160733784669151,0.160733784669151
88.235,1,0.3,2,53,0.37038654728107,0.37038654728107
88.344,1,0.6,3,53,0.656038436339801,0.656038436339801
88.457,1,1,4,53,0.952172963529141,0.952172963529141
88.64,1,1.3,5,53,1.43175365800393,1.43175365800393
88.851,1,2,7,53,1.98471281939288,1.98471281939288
89.099,1,2.6,9,53,2.63463638348985,2.63463638348985
89.203,1,3,10,53,2.90718497488535,2.90718497488535
89.286,0,3,10,53,3.12469971609521,3.12469971609521
89.38,1,3.3,11,53,3.37104171216421,3.37104171216421
89.492,1,3.6,12,53,3.66455557982092,3.66455557982092
89.607,1,0,1,54,-0.0344067048963528,-0.0344067048963528
89.691,0,0,1,54,0.187913542126153,0.187913542126153
89.778,1,0.3,2,54,0.418173797970854,0.418173797970854
89.879,1,0.6,3,54,0.685487428319369,0.685487428319369
89.988,1,1,4,54,0.97397441552712,0.97397441552712
90.147,1,1.3,5,54,1.3947948831054,1.3947948831054
90.357,1,2,7,54,1.95059550066166,1.95059550066166
90.611,1,2.6,9,54,2.62284958094399,2.62284958094399
90.725,1,3,10,54,2.92456991618878,2.92456991618878
90.799,0,3,10,54,3.12042346713721,3.12042346713721
90.897,1,3.3,11,54,3.37979708866341,3.37979708866341
91.006,1,3.6,12,54,3.6682840758712,3.6682840758712
91.119,1,0,1,55,-0.0328159645232745,-0.0328159645232745
91.197,0,0,1,55,0.174722838137488,0.174722838137488
91.283,1,0.3,2,55,0.403547671840367,0.403547671840367
91.391,1,0.6,3,55,0.690909090909076,0.690909090909076
91.502,1,1,4,55,0.986252771618623,0.986252771618623
91.677,0,1.3,5,55,1.45188470066518,1.45188470066518
91.875,1,2,7,55,1.97871396895788,1.97871396895788
92.116,1,2.6,9,55,2.61995565410201,2.61995565410201
92.235,1,3,10,55,2.93658536585367,2.93658536585367
92.315,0,3,10,55,3.14944567627495,3.14944567627495
92.401,1,3.3,11,55,3.37827050997787,3.37827050997787
92.508,1,3.6,12,55,3.66297117516634,3.66297117516634
92.615,1,0,1,56,-0.0523049645389669,-0.0523049645389669
92.698,0,0,1,56,0.168439716312092,0.168439716312092
92.787,1,0.3,2,56,0.405141843971662,0.405141843971662
92.893,1,0.6,3,56,0.687056737588668,0.687056737588668
93.005,1,1,4,56,0.984929078014185,0.984929078014185
93.164,1,1.3,5,56,1.40780141843973,1.40780141843973
93.374,1,2,7,56,1.96631205673759,1.96631205673759
93.526,1,2.3,8,56,2.37056737588656,2.37056737588656
93.752,1,3,10,56,2.97163120567379,2.97163120567379
94.009,1,3.6,12,56,3.65514184397164,3.65514184397164
94.125,1,0,1,57,-0.0359885889839778,-0.0359885889839778
94.208,0,0,1,57,0.182576256308973,0.182576256308973
94.286,1,0.3,2,57,0.387974544656577,0.387974544656577
94.386,1,0.6,3,57,0.651305683563737,0.651305683563737
94.506,1,1,4,57,0.967303050252359,0.967303050252359
94.657,1,1.3,5,57,1.36493307000218,1.36493307000218
94.884,1,2,7,57,1.96269475532148,1.96269475532148
95.04,1,2.3,8,57,2.37349133201665,2.37349133201665
95.27,1,3,10,57,2.9791529515032,2.9791529515032
95.421,1,3.3,11,57,3.37678297125299,3.37678297125299
95.649,1,0,1,58,-0.0227272727272818,-0.0227272727272818
95.795,1,0.3,2,58,0.360139860139852,0.360139860139852
95.901,1,0.6,3,58,0.638111888111903,0.638111888111903
96.032,1,1,4,58,0.981643356643334,0.981643356643334
96.176,1,1.3,5,58,1.35926573426573,1.35926573426573
96.417,1,2,7,58,1.99125874125873,1.99125874125873
96.568,1,2.3,8,58,2.38723776223774,2.38723776223774
96.788,1,3,10,58,2.96416083916081,2.96416083916081
96.949,1,3.3,11,58,3.38636363636361,3.38636363636361
97.179,1,0,1,59,-0.0105517696197095,-0.0105517696197095
97.322,1,0.3,2,59,0.366673994284446,0.366673994284446
97.427,1,0.6,3,59,0.643657946801456,0.643657946801456
97.551,1,1,4,59,0.970762805012076,0.970762805012076
97.702,1,1.3,5,59,1.36909210815561,1.36909210815561
97.811,1,1.6,6,59,1.65662783029237,1.65662783029237
97.932,1,2,7,59,1.97581886128818,1.97581886128818
98.092,1,2.3,8,59,2.39788964607604,2.39788964607604
98.322,1,3,10,59,3.0046163992086,3.0046163992086
98.468,1,3.3,11,59,3.38975599032753,3.38975599032753
98.693,1,0,1,60,-0.0169076751946909,-0.0169076751946909
98.837,1,0.3,2,60,0.367519466073399,0.367519466073399
98.937,1,0.6,3,60,0.634482758620658,0.634482758620658
99.06,1,1,4,60,0.962847608453818,0.962847608453818
99.2,1,1.3,5,60,1.33659621802,1.33659621802
99.307,1,1.6,6,60,1.62224694104559,1.62224694104559
99.428,1,2,7,60,1.94527252502778,1.94527252502778
99.587,1,2.3,8,60,2.36974416017796,2.36974416017796
99.814,1,3,10,60,2.97575083426024,2.97575083426024
99.969,1,3.3,11,60,3.38954393770852,3.38954393770852
100.193,1,0,1,61,-0.0124196052340106,-0.0124196052340106
100.336,1,0.3,2,61,0.368152583721414,0.368152583721414
100.43,1,0.6,3,61,0.618318917720105,0.618318917720105
100.502,0,0.6,3,61,0.809935684187178,0.809935684187178
100.707,1,1.3,5,61,1.35551119982253,1.35551119982253
100.836,1,1.6,6,61,1.69882457307604,1.69882457307604
100.937,1,2,7,61,1.96762031492567,1.96762031492567
101.008,0,2,7,61,2.15657573741406,2.15657573741406
101.186,1,2.6,9,61,2.6302949656243,2.6302949656243
101.319,1,3,10,61,2.98425371479262,2.98425371479262
101.46,1,3.3,11,61,3.35950321579063,3.35950321579063
101.52,0,3.6,12,61,3.51918385451319,3.51918385451319
101.692,1,0,1,62,-0.023717217787923,-0.023717217787923
101.836,1,0.3,2,62,0.370353477765077,0.370353477765077
101.941,1,0.6,3,62,0.657696693272501,0.657696693272501
102.016,0,1,4,62,0.862941847206336,0.862941847206336
102.187,1,1.3,5,62,1.33090079817557,1.33090079817557
102.311,1,1.6,6,62,1.67023945267959,1.67023945267959
102.428,1,2,7,62,1.99042189281639,1.99042189281639
102.498,0,2,7,62,2.18198403648798,2.18198403648798
102.656,1,2.6,9,62,2.61436716077537,2.61436716077537
102.802,1,3,10,62,3.01391106043326,3.01391106043326
102.926,1,3.3,11,62,3.35324971493728,3.35324971493728
102.993,0,3.6,12,62,3.53660205245151,3.53660205245151
103.151,1,0,1,63,-0.0311070448307205,-0.0311070448307205
103.295,1,0.3,2,63,0.364135407136317,0.364135407136317
103.393,1,0.6,3,63,0.633119853613898,0.633119853613898
103.463,0,0.6,3,63,0.825251601097868,0.825251601097868
103.633,1,1.3,5,63,1.29185727355903,1.29185727355903
103.767,1,1.6,6,63,1.65965233302834,1.65965233302834
103.872,1,2,7,63,1.94784995425433,1.94784995425433
103.938,0,2,7,63,2.12900274473924,2.12900274473924
104.115,1,2.6,9,63,2.61482159194877,2.61482159194877
104.254,1,3,10,63,2.99634034766693,2.99634034766693
104.386,1,3.3,11,63,3.35864592863675,3.35864592863675
104.435,0,3.6,12,63,3.49313815187556,3.49313815187556
104.616,1,0,1,64,-0.00998185117969516,-0.00998185117969516
104.756,1,0.3,2,64,0.371143375680559,0.371143375680559
104.845,1,0.6,3,64,0.613430127041716,0.613430127041716
104.921,0,0.6,3,64,0.820326678765835,0.820326678765835
104.99,1,1,4,64,1.00816696914701,1.00816696914701
105.064,0,1,4,64,1.2096188747731,1.2096188747731
105.15,0,1.3,5,64,1.44373865698729,1.44373865698729
105.266,0,1.6,6,64,1.75952813067146,1.75952813067146
105.357,1,2,7,64,2.00725952813064,2.00725952813064
105.428,0,2,7,64,2.20054446460976,2.20054446460976
105.589,1,2.6,9,64,2.63883847549906,2.63883847549906
105.732,1,3,10,64,3.02813067150632,3.02813067150632
105.856,1,3.3,11,64,3.36569872958253,3.36569872958253
105.916,0,3.6,12,64,3.52903811252264,3.52903811252264
106.075,1,0,1,65,-0.0384791571232525,-0.0384791571232525
106.22,1,0.3,2,65,0.360054970224425,0.360054970224425
106.323,1,0.6,3,65,0.643151626202461,0.643151626202461
106.387,0,0.6,3,65,0.819056344480042,0.819056344480042
106.562,1,1.3,5,65,1.30004580852035,1.30004580852035
106.707,1,1.6,6,65,1.69857993586802,1.69857993586802
106.8,1,2,7,65,1.95419147961517,1.95419147961517
106.87,0,2,7,65,2.14658726523132,2.14658726523132
107.028,1,2.6,9,65,2.58085203847911,2.58085203847911
107.168,1,3,10,65,2.9656436097114,2.9656436097114
107.294,1,3.3,11,65,3.3119560238204,3.3119560238204
107.351,0,3.6,12,65,3.46862116353639,3.46862116353639
107.534,1,0,1,66,-0.0283623055810144,-0.0283623055810144
107.672,1,0.3,2,66,0.350411710887438,0.350411710887438
107.758,1,0.6,3,66,0.586459286367804,0.586459286367804
107.837,0,0.6,3,66,0.803293687099718,0.803293687099718
107.905,1,1,4,66,0.98993595608416,0.98993595608416
107.98,0,1,4,66,1.19579139981698,1.19579139981698
108.065,1,1.3,5,66,1.42909423604756,1.42909423604756
108.186,0,1.6,6,66,1.76120768526991,1.76120768526991
108.277,1,2,7,66,2.01097895699908,2.01097895699908
108.342,0,2,7,66,2.18938700823421,2.18938700823421
108.503,1,2.6,9,66,2.63129002744739,2.63129002744739
108.647,1,3,10,66,3.02653247941443,3.02653247941443
108.767,1,3.3,11,66,3.355901189387,3.355901189387
108.823,0,3.6,12,66,3.50960658737422,3.50960658737422
108.985,1,0,1,67,-0.0461573967228218,-0.0461573967228218
109.137,1,0.3,2,67,0.37479806138934,0.37479806138934
109.233,1,0.6,3,67,0.640664666512818,0.640664666512818
109.297,0,0.6,3,67,0.817909069928444,0.817909069928444
109.475,1,1.3,5,67,1.3108700669282,1.3108700669282
109.607,1,1.6,6,67,1.67643664897298,1.67643664897298
109.712,1,2,7,67,1.96722824832679,1.96722824832679
109.777,0,2,7,67,2.1472420955458,2.1472420955458
109.943,1,2.6,9,67,2.60696976690512,2.60696976690512
110.077,1,3,10,67,2.97807523655663,2.97807523655663
110.42,1,0,1,68,-0.0704447956649635,-0.0704447956649635
110.515,0,0,1,68,0.186949650033835,0.186949650033835
110.593,1,0.3,2,68,0.398284037028649,0.398284037028649
110.688,1,0.6,3,68,0.655678482727447,0.655678482727447
110.805,1,1,4,68,0.972680063219667,0.972680063219667
110.959,1,1.3,5,68,1.3899300067735,1.3899300067735
111.175,1,2,7,68,1.97516369383603,1.97516369383603
111.328,1,2.3,8,68,2.38970422217201,2.38970422217201
111.544,1,3,10,68,2.97493790923453,2.97493790923453
111.705,1,3.3,11,68,3.41115375931355,3.41115375931355
111.918,1,0,1,69,-0.0116045525552761,-0.0116045525552761
112.067,1,0.3,2,69,0.387413523766983,0.387413523766983
112.159,1,0.6,3,69,0.633787101093435,0.633787101093435
112.3,1,1,4,69,1.01138138808297,1.01138138808297
112.438,1,1.3,5,69,1.38094175407272,1.38094175407272
112.669,1,2,7,69,1.99955367105553,1.99955367105553
112.811,1,2.3,8,69,2.37982593171167,2.37982593171167
112.909,1,2.6,9,69,2.64226735103768,2.64226735103768
113.028,1,3,10,69,2.96094621736216,2.96094621736216
113.174,1,3.3,11,69,3.35193037268468,3.35193037268468
113.405,1,0,1,70,-0.0297766749379536,-0.0297766749379536
113.56,1,0.3,2,70,0.38980374464247,0.38980374464247
113.658,1,0.6,3,70,0.655086848635249,0.655086848635249
113.785,1,1,4,70,0.99887209564629,0.99887209564629
113.91,1,1.3,5,70,1.33724340175953,1.33724340175953
114.024,1,1.6,6,70,1.64583803293482,1.64583803293482
114.148,1,2,7,70,1.98150236859914,1.98150236859914
114.283,1,2.3,8,70,2.34694337920146,2.34694337920146
114.39,1,2.6,9,70,2.63658921723439,2.63658921723439
114.645,1,3.3,11,70,3.32686668170543,3.32686668170543
114.881,1,0,1,71,-0.0345454545454383,-0.0345454545454383
115.026,1,0.3,2,71,0.360909090909131,0.360909090909131
115.125,1,0.6,3,71,0.630909090909099,0.630909090909099
115.249,1,1,4,71,0.969090909090901,0.969090909090901
115.396,1,1.3,5,71,1.37,1.37
115.62,1,2,7,71,1.9809090909091,1.9809090909091
115.767,1,2.3,8,71,2.38181818181816,2.38181818181816
115.866,1,2.6,9,71,2.65181818181817,2.65181818181817
115.975,1,3,10,71,2.94909090909088,2.94909090909088
116.122,1,3.3,11,71,3.34999999999998,3.34999999999998
116.351,1,0,1,72,-0.0255125284738354,-0.0255125284738354
116.494,1,0.3,2,72,0.365375854214096,0.365375854214096
116.602,1,0.6,3,72,0.660592255125271,0.660592255125271
116.72,1,1,4,72,0.98314350797264,0.98314350797264
116.849,1,1.3,5,72,1.33576309794984,1.33576309794984
116.959,1,1.6,6,72,1.63644646924828,1.63644646924828
117.086,1,2,7,72,1.98359908883825,1.98359908883825
117.217,1,2.3,8,72,2.34168564920272,2.34168564920272
117.327,1,2.6,9,72,2.64236902050112,2.64236902050112
117.449,1,3,10,72,2.97585421412299,2.97585421412299
117.578,1,3.3,11,72,3.32847380410023,3.32847380410023
117.814,1,0,1,73,-0.02679602679605,-0.02679602679605
117.942,1,0.3,2,73,0.328020328020349,0.328020328020349
118.049,1,0.6,3,73,0.624624624624647,0.624624624624647
118.188,1,1,4,73,1.00993300993302,1.00993300993302
118.316,1,1.3,5,73,1.36474936474938,1.36474936474938
118.416,1,1.6,6,73,1.64194964194965,1.64194964194965
118.549,1,2,7,73,2.01062601062605,2.01062601062605
118.682,1,2.3,8,73,2.37930237930241,2.37930237930241
118.891,1,3,10,73,2.95865095865096,2.95865095865096
119.029,1,3.3,11,73,3.34118734118737,3.34118734118737
119.254,1,0,1,74,-0.0349907918968526,-0.0349907918968526
119.405,1,0.3,2,74,0.382136279926374,0.382136279926374
119.507,1,0.6,3,74,0.663904235727486,0.663904235727486
119.632,1,1,4,74,1.0092081031308,1.0092081031308
119.754,1,1.3,5,74,1.34622467771639,1.34622467771639
119.86,1,1.6,6,74,1.63904235727442,1.63904235727442
119.978,1,2,7,74,1.96500920810317,1.96500920810317
120.117,1,2.3,8,74,2.34898710865564,2.34898710865564
120.221,1,2.6,9,74,2.63627992633519,2.63627992633519
120.345,1,3,10,74,2.97882136279926,2.97882136279926
120.476,1,3.3,11,74,3.34069981583793,3.34069981583793
120.707,1,0,1,75,-0.0213655364607887,-0.0213655364607887
120.845,1,0.3,2,75,0.363214119832774,0.363214119832774
120.949,1,0.6,3,75,0.653042266604721,0.653042266604721
121.072,1,1,4,75,0.995819786344635,0.995819786344635
121.212,1,1.3,5,75,1.38597306084534,1.38597306084534
121.436,1,2,7,75,2.01021830004647,2.01021830004647
121.571,1,2.3,8,75,2.38643752902926,2.38643752902926
121.756,1,3,10,75,2.90199721319091,2.90199721319091
122.15,1,0,1,76,3.93834310813914e-14,3.93834310813914e-14
122.287,1,0.3,2,76,0.379676674364938,0.379676674364938
122.397,1,0.6,3,76,0.684526558891496,0.684526558891496
122.524,1,1,4,76,1.03648960739033,1.03648960739033
122.651,1,1.3,5,76,1.38845265588916,1.38845265588916
122.764,1,1.6,6,76,1.70161662817554,1.70161662817554
122.89,0,2,7,76,2.05080831408779,2.05080831408779
123.014,1,2.3,8,76,2.39445727482681,2.39445727482681
123.119,1,2.6,9,76,2.68545034642036,2.68545034642036
123.244,0,3,10,76,3.03187066974599,3.03187066974599
123.369,1,3.3,11,76,3.37829099307163,3.37829099307163
123.481,1,3.6,12,76,3.68868360277138,3.68868360277138
123.599,1,0,1,77,0.0159736903923445,0.0159736903923445
123.729,1,0.3,2,77,0.382428940568509,0.382428940568509
123.837,1,0.6,3,77,0.68686868686873,0.68686868686873
123.956,1,1,4,77,1.02231618510692,1.02231618510692
124.079,1,1.3,5,77,1.36903922950436,1.36903922950436
124.181,1,1.6,6,77,1.65656565656568,1.65656565656568
124.303,1,2,7,77,2.00046981442332,2.00046981442332
124.426,1,2.3,8,77,2.34719285882079,2.34719285882079
124.542,1,2.6,9,77,2.67418369743953,2.67418369743953
124.659,1,3,10,77,3.00399342259811,3.00399342259811
124.78,1,3.3,11,77,3.34507869391592,3.34507869391592
124.885,1,3.6,12,77,3.64106178059669,3.64106178059669
125.005,1,0,1,78,-0.0209424083769684,-0.0209424083769684
125.131,1,0.3,2,78,0.338886244645412,0.338886244645412
125.238,1,0.6,3,78,0.644455021418372,0.644455021418372
125.365,1,1,4,78,1.00713945740122,1.00713945740122
125.487,1,1.3,5,78,1.35554497858161,1.35554497858161
125.596,1,1.6,6,78,1.66682532127559,1.66682532127559
125.714,1,2,7,78,2.00380771061398,2.00380771061398
125.847,1,2.3,8,78,2.3836268443598,2.3836268443598
125.945,1,2.6,9,78,2.6634935744883,2.6634935744883
126.068,1,3,10,78,3.0147548786292,3.0147548786292
126.187,1,3.3,11,78,3.3545930509281,3.3545930509281
126.296,1,3.6,12,78,3.66587339362208,3.66587339362208
126.408,1,0,1,79,-0.0144787644787925,-0.0144787644787925
126.546,1,0.3,2,79,0.385135135135123,0.385135135135123
126.642,1,0.6,3,79,0.663127413127371,0.663127413127371
126.765,1,1,4,79,1.01930501930499,1.01930501930499
126.891,1,1.3,5,79,1.38416988416987,1.38416988416987
127.001,1,1.6,6,79,1.70270270270269,1.70270270270269
127.116,1,2,7,79,2.03571428571426,2.03571428571426
127.242,1,2.3,8,79,2.40057915057914,2.40057915057914
127.346,1,2.6,9,79,2.70173745173744,2.70173745173744
127.467,0,3,10,79,3.05212355212352,3.05212355212352
127.584,1,3.3,11,79,3.39092664092663,3.39092664092663
127.69,0,3.6,12,79,3.69787644787642,3.69787644787642
127.805,1,0,1,80,0.0313802402549613,0.0313802402549613
127.922,1,0.3,2,80,0.375582250551577,0.375582250551577
128.021,1,0.6,3,80,0.666830105418021,0.666830105418021
128.141,1,1,4,80,1.0198578082863,1.0198578082863
128.252,1,1.3,5,80,1.34640843343958,1.34640843343958
128.36,1,1.6,6,80,1.66413336602111,1.66413336602111
128.476,1,2,7,80,2.00539347879381,2.00539347879381
128.6,1,2.3,8,80,2.37018877175776,2.37018877175776
128.702,1,2.6,9,80,2.67026231919588,2.67026231919588
128.821,1,3,10,80,3.02034812454032,3.02034812454032
128.942,1,3.3,11,80,3.37631772493261,3.37631772493261
129.046,1,3.6,12,80,3.68227506741847,3.68227506741847
129.157,1,0,1,81,0.00888011840162102,0.00888011840162102
129.27,1,0.3,2,81,0.343364578194414,0.343364578194414
129.375,1,0.6,3,81,0.654168722249636,0.654168722249636
129.494,1,1,4,81,1.00641341884559,1.00641341884559
129.607,1,1.3,5,81,1.34089787863838,1.34089787863838
129.72,1,1.6,6,81,1.67538233843117,1.67538233843117
129.828,1,2,7,81,1.99506660088802,1.99506660088802
129.949,1,2.3,8,81,2.35323137641838,2.35323137641838
130.051,1,2.6,9,81,2.65515540207198,2.65515540207198
130.17,1,3,10,81,3.00740009866793,3.00740009866793
130.281,1,3.3,11,81,3.3359644795264,3.3359644795264
130.391,1,3.6,12,81,3.66156882091757,3.66156882091757
130.5,1,0,1,82,-0.0157674304015959,-0.0157674304015959
130.623,1,0.3,2,82,0.347868933234737,0.347868933234737
130.725,1,0.6,3,82,0.649421039664902,0.649421039664902
130.841,1,1,4,82,0.992362650899235,0.992362650899235
130.958,1,1.3,5,82,1.33826065533379,1.33826065533379
131.065,1,1.6,6,82,1.65459472776542,1.65459472776542
131.178,1,2,7,82,1.98866715939883,1.98866715939883
131.298,1,2.3,8,82,2.34343434343431,2.34343434343431
131.403,1,2.6,9,82,2.65385562946532,2.65385562946532
131.52,1,3,10,82,2.99975363389997,2.99975363389997
131.639,1,3.3,11,82,3.35156442473515,3.35156442473515
131.745,1,3.6,12,82,3.66494210396647,3.66494210396647
131.859,1,0,1,83,NaN,NaN
131.982,1,0.3,2,83,NaN,NaN
132.082,1,0.6,3,83,NaN,NaN
132.197,1,1,4,83,NaN,NaN
132.311,1,1.3,5,83,NaN,NaN
132.42,1,1.6,6,83,NaN,NaN
132.533,1,2,7,83,NaN,NaN
132.652,1,2.3,8,83,NaN,NaN
132.747,1,2.6,9,83,NaN,NaN
132.866,1,3,10,83,NaN,NaN
133.212,0,NaN,NaN,84,NaN,NaN
133.289,0,NaN,NaN,84,NaN,NaN
133.362,0,NaN,NaN,84,NaN,NaN
133.455,0,NaN,NaN,84,NaN,NaN
133.557,0,NaN,NaN,84,NaN,NaN
133.702,0,NaN,NaN,84,NaN,NaN
133.891,0,NaN,NaN,84,NaN,NaN
134.022,0,NaN,NaN,84,NaN,NaN
134.231,0,NaN,NaN,84,NaN,NaN
134.606,0,NaN,NaN,84,NaN,NaN
134.674,0,NaN,NaN,84,NaN,NaN
