Onset_index,Onset_time,Cycle_number,Metric_location,Cycle_start_index,Cycle_end_index,Cycle_start_onset,Cycle_end_onset,Cycle_duration,Iso_beat_duration,Iso_onset,Offset_from_iso,Offset_in_beats,Offset_in_pulse_units,Phase,Is_included_in_grid
0,113.3511111,1,0,0,3,113.3511111,115.4553968,2.104285714,0.701428571,113.3511111,0,0,0,0,1
1,114.0977778,1,1,0,3,113.3511111,115.4553968,2.104285714,0.701428571,114.0525397,0.045238096,0.06449423,0.12898846,1.06449423,1
2,114.8546032,1,2,0,3,113.3511111,115.4553968,2.104285714,0.701428571,114.7539683,0.100634921,0.143471375,0.286942749,2.143471375,1
3,115.4553968,2,0,3,6,115.4553968,117.4286395,1.973242631,0.657747544,115.4553968,0,0,0,0,1
4,115.9947619,2,1,3,6,115.4553968,117.4286395,1.973242631,0.657747544,116.1131444,-0.118382464,-0.179981613,-0.359963225,0.820018387,1
5,116.7489342,2,2,3,6,115.4553968,117.4286395,1.973242631,0.657747544,116.7708919,-0.021957672,-0.033383131,-0.066766262,1.966616869,1
6,117.4286395,3,0,6,9,117.4286395,119.1951247,1.766485261,0.58882842,117.4286395,0,0,0,0,1
7,117.7948299,3,1,6,9,117.4286395,119.1951247,1.766485261,0.58882842,118.0174679,-0.222637944,-0.378103258,-0.756206517,0.621896742,1
8,118.5168707,3,2,6,9,117.4286395,119.1951247,1.766485261,0.58882842,118.6062963,-0.089425549,-0.1518703,-0.303740599,1.8481297,1
9,119.1951247,4,0,9,12,119.1951247,120.555102,1.359977324,0.453325775,119.1951247,0,0,0,0,1
10,119.5122222,4,1,9,12,119.1951247,120.555102,1.359977324,0.453325775,119.6484505,-0.13622827,-0.300508547,-0.601017093,0.699491453,1
11,119.9926984,4,2,9,12,119.1951247,120.555102,1.359977324,0.453325775,120.1017763,-0.109077853,-0.240616924,-0.481233847,1.759383076,1
12,120.555102,5,0,12,15,120.555102,122.2105669,1.655464852,0.551821617,120.555102,0,0,0,0,1
13,120.8768707,5,1,12,15,120.555102,122.2105669,1.655464852,0.551821617,121.1069237,-0.23005291,-0.416897242,-0.833794484,0.583102758,1
14,121.5481633,5,2,12,15,120.555102,122.2105669,1.655464852,0.551821617,121.6587453,-0.110582011,-0.200394488,-0.400788977,1.799605512,1
15,122.2105669,6,0,15,18,122.2105669,123.7194785,1.508911565,0.502970522,122.2105669,0,0,0,0,1
16,122.5382086,6,1,15,18,122.2105669,123.7194785,1.508911565,0.502970522,122.7135374,-0.175328798,-0.348586627,-0.697173254,0.651413373,1
17,123.2671655,6,2,15,18,122.2105669,123.7194785,1.508911565,0.502970522,123.2165079,0.050657597,0.10071683,0.201433661,2.10071683,1
18,123.7194785,7,0,18,21,123.7194785,125.1475283,1.428049887,0.476016629,123.7194785,0,0,0,0,1
19,124.0170295,7,1,18,21,123.7194785,125.1475283,1.428049887,0.476016629,124.1954951,-0.178465609,-0.374914652,-0.749829305,0.625085348,1
20,124.6847619,7,2,18,21,123.7194785,125.1475283,1.428049887,0.476016629,124.6715117,0.013250189,0.027835559,0.055671118,2.027835559,1
21,125.1475283,8,0,21,24,125.1475283,126.4497506,1.302222222,0.434074074,125.1475283,0,0,0,0,1
22,125.4602948,8,1,21,24,125.1475283,126.4497506,1.302222222,0.434074074,125.5816024,-0.121307634,-0.279462979,-0.558925959,0.720537021,1
23,126.034263,8,2,21,24,125.1475283,126.4497506,1.302222222,0.434074074,126.0156765,0.018586546,0.042818835,0.085637669,2.042818835,1
24,126.4497506,9,0,24,27,126.4497506,127.7696599,1.319909297,0.439969766,126.4497506,0,0,0,0,1
25,126.7191837,9,1,24,27,126.4497506,127.7696599,1.319909297,0.439969766,126.8897203,-0.17053666,-0.387609952,-0.775219904,0.612390048,1
26,127.2424717,9,2,24,27,126.4497506,127.7696599,1.319909297,0.439969766,127.3296901,-0.087218443,-0.198237357,-0.396474713,1.801762643,1
27,127.7696599,10,0,27,30,127.7696599,129.1191383,1.349478458,0.449826153,127.7696599,0,0,0,0,1
28,128.0599093,10,1,27,30,127.7696599,129.1191383,1.349478458,0.449826153,128.219486,-0.15957672,-0.354751983,-0.709503966,0.645248017,1
29,128.6427438,10,2,27,30,127.7696599,129.1191383,1.349478458,0.449826153,128.6693122,-0.026568405,-0.059063719,-0.118127437,1.940936281,1
30,129.1191383,11,0,30,33,129.1191383,130.448254,1.329115646,0.443038549,129.1191383,0,0,0,0,1
31,129.3979365,11,1,30,33,129.1191383,130.448254,1.329115646,0.443038549,129.5621769,-0.164240363,-0.370713481,-0.741426962,0.629286519,1
32,129.9946939,11,2,30,33,129.1191383,130.448254,1.329115646,0.443038549,130.0052154,-0.010521541,-0.023748591,-0.047497182,1.976251409,1
33,130.448254,12,0,33,36,130.448254,131.6382313,1.189977325,0.396659108,130.448254,0,0,0,0,1
34,130.7234467,12,1,33,36,130.448254,131.6382313,1.189977325,0.396659108,130.8449131,-0.121466364,-0.30622356,-0.61244712,0.69377644,1
35,131.174898,12,2,33,36,130.448254,131.6382313,1.189977325,0.396659108,131.2415722,-0.066674226,-0.168089486,-0.336178972,1.831910514,1
36,131.6382313,13,0,36,39,131.6382313,132.8676417,1.22941043,0.409803477,131.6382313,0,0,0,0,1
37,131.8937642,13,1,36,39,131.6382313,132.8676417,1.22941043,0.409803477,132.0480348,-0.154270598,-0.376450192,-0.752900385,0.623549808,1
38,132.4091383,13,2,36,39,131.6382313,132.8676417,1.22941043,0.409803477,132.4578382,-0.048699924,-0.118837265,-0.23767453,1.881162735,1
39,132.8676417,14,0,39,42,132.8676417,134.0614966,1.193854876,0.397951625,132.8676417,0,0,0,0,1
40,133.1447846,14,1,39,42,132.8676417,134.0614966,1.193854876,0.397951625,133.2655933,-0.120808768,-0.303576517,-0.607153034,0.696423483,1
41,133.6730612,14,2,39,42,132.8676417,134.0614966,1.193854876,0.397951625,133.663545,0.00951625,0.023913083,0.047826166,2.023913083,1
42,134.0614966,15,0,42,45,134.0614966,135.3073469,1.24585034,0.415283447,134.0614966,0,0,0,0,1
43,134.3174376,15,1,42,45,134.0614966,135.3073469,1.24585034,0.415283447,134.47678,-0.159342404,-0.383695534,-0.767391067,0.616304466,1
44,134.879093,15,2,42,45,134.0614966,135.3073469,1.24585034,0.415283447,134.8920635,-0.012970521,-0.031232936,-0.062465872,1.968767064,1
45,135.3073469,16,0,45,48,135.3073469,136.4404989,1.133151927,0.377717309,135.3073469,0,0,0,0,1
46,135.5481633,16,1,45,48,135.3073469,136.4404989,1.133151927,0.377717309,135.6850642,-0.136900983,-0.362442969,-0.724885938,0.637557031,1
47,136.0125624,16,2,45,48,135.3073469,136.4404989,1.133151927,0.377717309,136.0627816,-0.050219199,-0.132954455,-0.26590891,1.867045545,1
48,136.4404989,17,0,48,51,136.4404989,137.3879138,0.947414966,0.315804989,136.4404989,0,0,0,0,1
49,136.6214739,17,1,48,51,136.4404989,137.3879138,0.947414966,0.315804989,136.7563039,-0.134829932,-0.426940474,-0.853880949,0.573059526,1
50,137.0475283,17,2,48,51,136.4404989,137.3879138,0.947414966,0.315804989,137.0721088,-0.024580498,-0.077834421,-0.155668841,1.922165579,1
51,137.3879138,18,0,51,54,137.3879138,138.3404308,0.952517007,0.317505669,137.3879138,0,0,0,0,1
52,137.589093,18,1,51,54,137.3879138,138.3404308,0.952517007,0.317505669,137.7054195,-0.11632653,-0.36637623,-0.73275246,0.63362377,1
53,138.0240816,18,2,51,54,137.3879138,138.3404308,0.952517007,0.317505669,138.0229252,0.001156463,0.003642338,0.007284676,2.003642338,1
54,138.3404308,19,0,54,57,138.3404308,139.3643991,1.023968254,0.341322751,138.3404308,0,0,0,0,1
55,138.5608844,19,1,54,57,138.3404308,139.3643991,1.023968254,0.341322751,138.6817536,-0.120869236,-0.354120069,-0.708240138,0.645879931,1
56,139.0109297,19,2,54,57,138.3404308,139.3643991,1.023968254,0.341322751,139.0230763,-0.012146637,-0.035586953,-0.071173906,1.964413047,1
57,139.3643991,20,0,57,60,139.3643991,140.3618821,0.997482993,0.332494331,139.3643991,0,0,0,0,1
58,139.59322,20,1,57,60,139.3643991,140.3618821,0.997482993,0.332494331,139.6968934,-0.103673469,-0.311805223,-0.623610446,0.688194777,1
59,140.0460771,20,2,57,60,139.3643991,140.3618821,0.997482993,0.332494331,140.0293878,0.016689343,0.050194369,0.100388737,2.050194369,1
60,140.3618821,21,0,60,63,140.3618821,141.3270522,0.965170068,0.321723356,140.3618821,0,0,0,0,1
61,140.5847619,21,1,60,63,140.3618821,141.3270522,0.965170068,0.321723356,140.6836054,-0.098843537,-0.307231462,-0.614462924,0.692768538,1
62,141.0227211,21,2,60,63,140.3618821,141.3270522,0.965170068,0.321723356,141.0053288,0.01739229,0.054059768,0.108119536,2.054059768,1
63,141.3270522,22,0,63,66,141.3270522,142.3175057,0.990453515,0.330151172,141.3270522,0,0,0,0,1
64,141.5678685,22,1,63,66,141.3270522,142.3175057,0.990453515,0.330151172,141.6572033,-0.089334845,-0.270587695,-0.541175391,0.729412305,1
65,142.0110204,22,2,63,66,141.3270522,142.3175057,0.990453515,0.330151172,141.9873545,0.023665911,0.071682044,0.143364087,2.071682044,1
66,142.3175057,23,0,66,69,142.3175057,143.4105442,1.093038549,0.364346183,142.3175057,0,0,0,0,1
67,142.556576,23,1,66,69,142.3175057,143.4105442,1.093038549,0.364346183,142.6818519,-0.125275888,-0.34383752,-0.68767504,0.65616248,1
68,142.9735374,23,2,66,69,142.3175057,143.4105442,1.093038549,0.364346183,143.046198,-0.07266062,-0.199427422,-0.398854844,1.800572578,1
69,143.4105442,24,0,69,72,143.4105442,144.9736054,1.563061224,0.521020408,143.4105442,0,0,0,0,1
70,143.8662358,24,1,69,72,143.4105442,144.9736054,1.563061224,0.521020408,143.9315646,-0.065328798,-0.125386256,-0.250772511,0.874613744,1
71,144.3745578,24,2,69,72,143.4105442,144.9736054,1.563061224,0.521020408,144.452585,-0.078027211,-0.149758454,-0.299516909,1.850241546,1
72,144.9736054,25,0,72,75,144.9736054,146.3201587,1.346553288,0.448851096,144.9736054,0,0,0,0,1
73,145.549932,25,1,72,75,144.9736054,146.3201587,1.346553288,0.448851096,145.4224565,0.127475435,0.28400384,0.568007681,1.28400384,1
74,145.9811791,25,2,72,75,144.9736054,146.3201587,1.346553288,0.448851096,145.8713076,0.109871504,0.24478386,0.489567721,2.24478386,1
75,146.3201587,26,0,75,78,146.3201587,147.1894558,0.869297052,0.289765684,146.3201587,0,0,0,0,1
76,146.5639456,26,1,75,78,146.3201587,147.1894558,0.869297052,0.289765684,146.6099244,-0.045978836,-0.158675918,-0.317351837,0.841324082,1
77,146.9076644,26,2,75,78,146.3201587,147.1894558,0.869297052,0.289765684,146.8996901,0.007974301,0.027519825,0.055039651,2.027519825,1
78,147.1894558,27,0,78,81,147.1894558,148.1473696,0.957913833,0.319304611,147.1894558,0,0,0,0,1
79,147.4352834,27,1,78,81,147.1894558,148.1473696,0.957913833,0.319304611,147.5087604,-0.073476946,-0.230115518,-0.460231036,0.769884482,1
80,147.840771,27,2,78,81,147.1894558,148.1473696,0.957913833,0.319304611,147.828065,0.012705971,0.039792632,0.079585265,2.039792632,1
81,148.1473696,28,0,81,84,148.1473696,149.1214966,0.974126984,0.324708995,148.1473696,0,0,0,0,1
82,148.4130159,28,1,81,84,148.1473696,149.1214966,0.974126984,0.324708995,148.4720786,-0.059062737,-0.181894366,-0.363788732,0.818105634,1
83,148.7884807,28,2,81,84,148.1473696,149.1214966,0.974126984,0.324708995,148.7967876,-0.008306878,-0.025582532,-0.051165065,1.974417468,1
84,149.1214966,29,0,84,87,149.1214966,150.0689796,0.947482993,0.315827664,149.1214966,0,0,0,0,1
85,149.4651247,29,1,84,87,149.1214966,150.0689796,0.947482993,0.315827664,149.4373243,0.027800454,0.088024125,0.176048249,1.088024125,1
86,149.7361905,29,2,84,87,149.1214966,150.0689796,0.947482993,0.315827664,149.7531519,-0.016961452,-0.053704769,-0.107409537,1.946295231,1
87,150.0689796,30,0,87,90,150.0689796,151.0926757,1.023696145,0.341232048,150.0689796,0,0,0,0,1
88,150.4064626,30,1,87,90,150.0689796,151.0926757,1.023696145,0.341232048,150.4102116,-0.003749055,-0.010986821,-0.021973641,0.989013179,1
89,150.737551,30,2,87,90,150.0689796,151.0926757,1.023696145,0.341232048,150.7514437,-0.013892669,-0.040713259,-0.081426517,1.959286741,1
90,151.0926757,31,0,90,93,151.0926757,152.1296599,1.036984127,0.345661376,151.0926757,0,0,0,0,1
91,151.4328345,31,1,90,93,151.0926757,152.1296599,1.036984127,0.345661376,151.4383371,-0.005502646,-0.01591918,-0.03183836,0.98408082,1
92,151.7621542,31,2,90,93,151.0926757,152.1296599,1.036984127,0.345661376,151.7839985,-0.021844293,-0.063195644,-0.126391289,1.936804356,1
93,152.1296599,32,0,93,96,152.1296599,153.3943537,1.264693877,0.421564626,152.1296599,0,0,0,0,1
94,152.5328571,32,1,93,96,152.1296599,153.3943537,1.264693877,0.421564626,152.5512245,-0.018367347,-0.043569468,-0.087138937,0.956430532,1
95,152.9543537,32,2,93,96,152.1296599,153.3943537,1.264693877,0.421564626,152.9727891,-0.018435374,-0.043730838,-0.087461676,1.956269162,1
96,153.3943537,33,0,96,99,153.3943537,154.3541723,0.959818595,0.319939532,153.3943537,0,0,0,0,1
97,153.6684354,33,1,96,99,153.3943537,154.3541723,0.959818595,0.319939532,153.7142933,-0.045857899,-0.143333018,-0.286666036,0.856666982,1
98,154.0259184,33,2,96,99,153.3943537,154.3541723,0.959818595,0.319939532,154.0342328,-0.008314437,-0.025987527,-0.051975055,1.974012473,1
99,154.3541723,34,0,99,102,154.3541723,155.2558957,0.901723356,0.300574452,154.3541723,0,0,0,0,1
100,154.6650794,34,1,99,102,154.3541723,155.2558957,0.901723356,0.300574452,154.6547468,0.010332577,0.034376099,0.068752197,1.034376099,1
101,154.9517687,34,2,99,102,154.3541723,155.2558957,0.901723356,0.300574452,154.9553212,-0.003552533,-0.011819145,-0.02363829,1.988180855,1
102,155.2558957,35,0,102,105,155.2558957,156.1691156,0.913219954,0.304406651,155.2558957,0,0,0,0,1
103,155.5002494,35,1,102,105,155.2558957,156.1691156,0.913219954,0.304406651,155.5603023,-0.06005291,-0.197278575,-0.39455715,0.802721425,1
104,155.8454195,35,2,102,105,155.2558957,156.1691156,0.913219954,0.304406651,155.864709,-0.019289494,-0.063367517,-0.126735034,1.936632483,1
105,156.1691156,36,0,105,108,156.1691156,157.0593197,0.890204082,0.296734694,156.1691156,0,0,0,0,1
106,156.4237642,36,1,105,108,156.1691156,157.0593197,0.890204082,0.296734694,156.4658503,-0.042086168,-0.141830965,-0.28366193,0.858169035,1
107,156.7832426,36,2,105,108,156.1691156,157.0593197,0.890204082,0.296734694,156.762585,0.020657596,0.069616383,0.139232765,2.069616383,1
108,157.0593197,37,0,108,111,157.0593197,158.000839,0.941519274,0.313839758,157.0593197,0,0,0,0,1
109,157.3242857,37,1,108,111,157.0593197,158.000839,0.941519274,0.313839758,157.3731595,-0.048873772,-0.155728427,-0.311456855,0.844271573,1
110,157.7027211,37,2,108,111,157.0593197,158.000839,0.941519274,0.313839758,157.6869992,0.015721844,0.050095132,0.100190263,2.050095132,1
111,158.000839,38,0,111,114,158.000839,158.9382086,0.937369615,0.312456538,158.000839,0,0,0,0,1
112,158.2895918,38,1,111,114,158.000839,158.9382086,0.937369615,0.312456538,158.3132955,-0.023703703,-0.075862401,-0.151724803,0.924137599,1
113,158.6339456,38,2,111,114,158.000839,158.9382086,0.937369615,0.312456538,158.6257521,0.008193499,0.026222845,0.05244569,2.026222845,1
114,158.9382086,39,0,114,117,158.9382086,159.9319728,0.993764172,0.331254724,158.9382086,0,0,0,0,1
115,159.1863039,39,1,114,117,158.9382086,159.9319728,0.993764172,0.331254724,159.2694633,-0.083159486,-0.251043925,-0.502087849,0.748956075,1
116,159.5452381,39,2,114,117,158.9382086,159.9319728,0.993764172,0.331254724,159.6007181,-0.05547997,-0.167484313,-0.334968627,1.832515687,1
117,159.9319728,40,0,117,120,159.9319728,160.7648753,0.832902494,0.277634165,159.9319728,0,0,0,0,1
118,160.1433107,40,1,117,120,159.9319728,160.7648753,0.832902494,0.277634165,160.209607,-0.066296296,-0.238790121,-0.477580241,0.761209879,1
119,160.480907,40,2,117,120,159.9319728,160.7648753,0.832902494,0.277634165,160.4872411,-0.006334089,-0.022814517,-0.045629034,1.977185483,1
120,160.7648753,41,0,120,123,160.7648753,161.6886395,0.923764173,0.307921391,160.7648753,0,0,0,0,1
121,161.0622902,41,1,120,123,160.7648753,161.6886395,0.923764173,0.307921391,161.0727967,-0.010506425,-0.034120478,-0.068240956,0.965879522,1
122,161.3687302,41,2,120,123,160.7648753,161.6886395,0.923764173,0.307921391,161.3807181,-0.011987906,-0.038931709,-0.077863418,1.961068291,1
123,161.6886395,42,0,123,126,161.6886395,162.5337188,0.845079365,0.281693122,161.6886395,0,0,0,0,1
124,161.9481406,42,1,123,126,161.6886395,162.5337188,0.845079365,0.281693122,161.9703326,-0.022191988,-0.078780723,-0.157561445,0.921219277,1
125,162.2322222,42,2,123,126,161.6886395,162.5337188,0.845079365,0.281693122,162.2520257,-0.019803477,-0.070301601,-0.140603201,1.929698399,1
126,162.5337188,43,0,126,129,162.5337188,163.4168934,0.883174603,0.294391534,162.5337188,0,0,0,0,1
127,162.8090476,43,1,126,129,162.5337188,163.4168934,0.883174603,0.294391534,162.8281104,-0.019062736,-0.064753004,-0.129506009,0.935246996,1
128,163.1056009,43,2,126,129,162.5337188,163.4168934,0.883174603,0.294391534,163.1225019,-0.016900983,-0.05740988,-0.11481976,1.94259012,1
129,163.4168934,44,0,129,132,163.4168934,164.352381,0.935487528,0.311829176,163.4168934,0,0,0,0,1
130,163.6975057,44,1,129,132,163.4168934,164.352381,0.935487528,0.311829176,163.7287226,-0.031216931,-0.100109077,-0.200218154,0.899890923,1
131,164.03,44,2,129,132,163.4168934,164.352381,0.935487528,0.311829176,164.0405518,-0.010551776,-0.033838322,-0.067676644,1.966161678,1
132,164.352381,45,0,132,135,164.352381,165.2648753,0.912494331,0.304164777,164.352381,0,0,0,0,1
133,164.6099546,45,1,132,135,164.352381,165.2648753,0.912494331,0.304164777,164.6565457,-0.04659108,-0.153177105,-0.30635421,0.846822895,1
134,164.9321769,45,2,132,135,164.352381,165.2648753,0.912494331,0.304164777,164.9607105,-0.028533635,-0.093809794,-0.187619588,1.906190206,1
135,165.2648753,46,0,135,138,165.2648753,166.227619,0.962743765,0.320914588,165.2648753,0,0,0,0,1
136,165.5777778,46,1,135,138,165.2648753,166.227619,0.962743765,0.320914588,165.5857899,-0.008012093,-0.024966435,-0.049932871,0.975033565,1
137,165.9034014,46,2,135,138,165.2648753,166.227619,0.962743765,0.320914588,165.9067045,-0.003303099,-0.010292766,-0.020585531,1.989707234,1
138,166.227619,47,0,138,141,166.227619,167.1688662,0.941247165,0.313749055,166.227619,0,0,0,0,1
139,166.5425397,47,1,138,141,166.227619,167.1688662,0.941247165,0.313749055,166.5413681,0.00117158,0.003734131,0.007468262,1.003734131,1
140,166.8746259,47,2,138,141,166.227619,167.1688662,0.941247165,0.313749055,166.8551172,0.019508692,0.062179285,0.124358571,2.062179285,1
141,167.1688662,48,0,141,144,167.1688662,168.5299546,1.361088436,0.453696145,167.1688662,0,0,0,0,1
142,167.581542,48,1,141,144,167.1688662,168.5299546,1.361088436,0.453696145,167.6225624,-0.041020408,-0.090413835,-0.18082767,0.909586165,1
143,167.9650794,48,2,141,144,167.1688662,168.5299546,1.361088436,0.453696145,168.0762585,-0.111179139,-0.24505198,-0.49010396,1.75494802,1
144,168.5299546,49,0,144,147,168.5299546,169.6082313,1.078276644,0.359425548,168.5299546,0,0,0,0,1
145,168.878254,49,1,144,147,168.5299546,169.6082313,1.078276644,0.359425548,168.8893802,-0.011126229,-0.030955587,-0.061911175,0.969044413,1
146,169.2260317,49,2,144,147,168.5299546,169.6082313,1.078276644,0.359425548,169.2488057,-0.022773999,-0.063362215,-0.126724431,1.936637785,1
147,169.6082313,50,0,147,150,169.6082313,170.5122222,0.903990929,0.30133031,169.6082313,0,0,0,0,1
148,169.9116327,50,1,147,150,169.6082313,170.5122222,0.903990929,0.30133031,169.9095616,0.00207105,0.006873024,0.013746047,1.006873024,1
149,170.1863719,50,2,147,150,169.6082313,170.5122222,0.903990929,0.30133031,170.2108919,-0.02452003,-0.081372599,-0.162745197,1.918627401,1
150,170.5122222,51,0,150,153,170.5122222,171.4195465,0.907324263,0.302441421,170.5122222,0,0,0,0,1
151,170.7926984,51,1,150,153,170.5122222,171.4195465,0.907324263,0.302441421,170.8146636,-0.02196523,-0.072626395,-0.145252789,0.927373605,1
152,171.104898,51,2,150,153,170.5122222,171.4195465,0.907324263,0.302441421,171.1171051,-0.012207105,-0.040361882,-0.080723764,1.959638118,1
153,171.4195465,52,0,153,156,171.4195465,172.3021769,0.882630386,0.294210129,171.4195465,0,0,0,0,1
154,171.7006576,52,1,153,156,171.4195465,172.3021769,0.882630386,0.294210129,171.7137566,-0.013099018,-0.04452266,-0.089045321,0.95547734,1
155,171.9963719,52,2,153,156,171.4195465,172.3021769,0.882630386,0.294210129,172.0079667,-0.01159486,-0.039410133,-0.078820266,1.960589867,1
156,172.3021769,53,0,156,159,172.3021769,173.2677551,0.965578231,0.32185941,172.3021769,0,0,0,0,1
157,172.6104535,53,1,156,159,172.3021769,173.2677551,0.965578231,0.32185941,172.6240363,-0.013582766,-0.04220093,-0.084401859,0.95779907,1
158,172.9848753,53,2,156,159,172.3021769,173.2677551,0.965578231,0.32185941,172.9458957,0.038979591,0.121107509,0.242215017,2.121107509,1
159,173.2677551,54,0,159,162,173.2677551,174.1639456,0.896190476,0.298730159,173.2677551,0,0,0,0,1
160,173.5819274,54,1,159,162,173.2677551,174.1639456,0.896190476,0.298730159,173.5664853,0.015442177,0.05169273,0.103385459,1.05169273,1
161,173.8362358,54,2,159,162,173.2677551,174.1639456,0.896190476,0.298730159,173.8652154,-0.028979591,-0.097009259,-0.194018518,1.902990741,1
162,174.1639456,55,0,162,165,174.1639456,175.1488209,0.984875284,0.328291761,174.1639456,0,0,0,0,1
163,174.450068,55,1,162,165,174.1639456,175.1488209,0.984875284,0.328291761,174.4922373,-0.042169312,-0.128450718,-0.256901435,0.871549282,1
164,174.7973469,55,2,162,165,174.1639456,175.1488209,0.984875284,0.328291761,174.8205291,-0.023182162,-0.070614509,-0.141229019,1.929385491,1
165,175.1488209,56,0,165,168,175.1488209,176.0574603,0.908639455,0.302879818,175.1488209,0,0,0,0,1
166,175.4037415,56,1,165,168,175.1488209,176.0574603,0.908639455,0.302879818,175.4517007,-0.047959183,-0.158343939,-0.316687877,0.841656061,1
167,175.7132426,56,2,165,168,175.1488209,176.0574603,0.908639455,0.302879818,175.7545805,-0.041337869,-0.136482744,-0.272965488,1.863517256,1
168,176.0574603,57,0,168,171,176.0574603,176.9497959,0.892335601,0.2974452,176.0574603,0,0,0,0,1
169,176.3343311,57,1,168,171,176.0574603,176.9497959,0.892335601,0.2974452,176.3549055,-0.020574451,-0.069170561,-0.138341122,0.930829439,1
170,176.6191156,57,2,168,171,176.0574603,176.9497959,0.892335601,0.2974452,176.6523507,-0.033235072,-0.111735108,-0.223470217,1.888264892,1
171,176.9497959,58,0,171,174,176.9497959,177.8063265,0.856530613,0.285510204,176.9497959,0,0,0,0,1
172,177.237551,58,1,171,174,176.9497959,177.8063265,0.856530613,0.285510204,177.2353061,0.002244898,0.007862758,0.015725516,1.007862758,1
173,177.5207937,58,2,171,174,176.9497959,177.8063265,0.856530613,0.285510204,177.5208163,-2.26757E-05,-7.94216E-05,-0.000158843,1.999920578,1
174,177.8063265,59,0,174,177,177.8063265,178.6759637,0.869637188,0.289879063,177.8063265,0,0,0,0,1
175,178.0297959,59,1,174,177,177.8063265,178.6759637,0.869637188,0.289879063,178.0962056,-0.066409676,-0.22909442,-0.45818884,0.77090558,1
176,178.3526757,59,2,174,177,177.8063265,178.6759637,0.869637188,0.289879063,178.3860847,-0.033408919,-0.115251233,-0.230502466,1.884748767,1
177,178.6759637,60,0,177,180,178.6759637,179.5847619,0.908798186,0.302932729,178.6759637,0,0,0,0,1
178,178.9585714,60,1,177,180,178.6759637,179.5847619,0.908798186,0.302932729,178.9788964,-0.020325019,-0.067094166,-0.134188331,0.932905834,1
179,179.2389796,60,2,177,180,178.6759637,179.5847619,0.908798186,0.302932729,179.2818292,-0.042849584,-0.141449174,-0.282898349,1.858550826,1
180,179.5847619,61,0,180,183,179.5847619,180.4832653,0.898503401,0.299501134,179.5847619,0,0,0,0,1
181,179.8747846,61,1,180,183,179.5847619,180.4832653,0.898503401,0.299501134,179.884263,-0.009478459,-0.031647488,-0.063294977,0.968352512,1
182,180.1723356,61,2,180,183,179.5847619,180.4832653,0.898503401,0.299501134,180.1837642,-0.011428571,-0.038158691,-0.076317383,1.961841309,1
183,180.4832653,62,0,183,186,180.4832653,181.4086395,0.92537415,0.30845805,180.4832653,0,0,0,0,1
184,180.7238095,62,1,183,186,180.4832653,181.4086395,0.92537415,0.30845805,180.7917234,-0.067913832,-0.22017202,-0.44034404,0.77982798,1
185,181.0355782,62,2,183,186,180.4832653,181.4086395,0.92537415,0.30845805,181.1001814,-0.064603175,-0.209439096,-0.418878191,1.790560904,1
186,181.4086395,63,0,186,189,181.4086395,182.3783673,0.969727891,0.32324263,181.4086395,0,0,0,0,1
187,181.7096372,63,1,186,189,181.4086395,182.3783673,0.969727891,0.32324263,181.7318821,-0.022244898,-0.06881796,-0.13763592,0.93118204,1
188,181.9953742,63,2,186,189,181.4086395,182.3783673,0.969727891,0.32324263,182.0551247,-0.059750567,-0.184847421,-0.369694843,1.815152579,1
189,182.3783673,64,0,189,192,182.3783673,184.055873,1.677505669,0.559168556,182.3783673,0,0,0,0,1
190,182.8103855,64,1,189,192,182.3783673,184.055873,1.677505669,0.559168556,182.9375359,-0.127150415,-0.227391927,-0.454783853,0.772608073,1
191,183.2173016,64,2,189,192,182.3783673,184.055873,1.677505669,0.559168556,183.4967045,-0.279402873,-0.49967558,-0.99935116,1.50032442,1
192,184.055873,65,0,192,195,184.055873,185.1083673,1.052494331,0.350831444,184.055873,0,0,0,0,1
193,184.2793651,65,1,192,195,184.055873,185.1083673,1.052494331,0.350831444,184.4067045,-0.127339381,-0.36296456,-0.72592912,0.63703544,1
194,184.7288662,65,2,192,195,184.055873,185.1083673,1.052494331,0.350831444,184.7575359,-0.02866969,-0.081719272,-0.163438545,1.918280728,1
195,185.1083673,66,0,195,198,185.1083673,186.1236281,1.015260771,0.338420257,185.1083673,0,0,0,0,1
196,185.3849887,66,1,195,198,185.1083673,186.1236281,1.015260771,0.338420257,185.4467876,-0.061798942,-0.182610056,-0.365220112,0.817389944,1
197,185.8077098,66,2,195,198,185.1083673,186.1236281,1.015260771,0.338420257,185.7852079,0.02250189,0.066490967,0.132981933,2.066490967,1
198,186.1236281,67,0,198,201,186.1236281,187.1189796,0.995351474,0.331783825,186.1236281,0,0,0,0,1
199,186.373288,67,1,198,201,186.1236281,187.1189796,0.995351474,0.331783825,186.4554119,-0.082123961,-0.247522497,-0.495044994,0.752477503,1
200,186.8085714,67,2,198,201,186.1236281,187.1189796,0.995351474,0.331783825,186.7871958,0.021375662,0.064426473,0.128852946,2.064426473,1
201,187.1189796,68,0,201,204,187.1189796,188.0390703,0.920090703,0.306696901,187.1189796,0,0,0,0,1
202,187.3912698,68,1,201,204,187.1189796,188.0390703,0.920090703,0.306696901,187.4256765,-0.034406652,-0.112184544,-0.224369088,0.887815456,1
203,187.7339456,68,2,201,204,187.1189796,188.0390703,0.920090703,0.306696901,187.7323734,0.001572184,0.005126182,0.010252363,2.005126182,1
204,188.0390703,69,0,204,207,188.0390703,188.9733333,0.934263038,0.311421013,188.0390703,0,0,0,0,1
205,188.2780045,69,1,204,207,188.0390703,188.9733333,0.934263038,0.311421013,188.3504913,-0.072486773,-0.232761341,-0.465522683,0.767238659,1
206,188.6474603,69,2,204,207,188.0390703,188.9733333,0.934263038,0.311421013,188.6619123,-0.014452003,-0.046406642,-0.092813283,1.953593358,1
207,188.9733333,70,0,207,210,188.9733333,189.8754422,0.902108844,0.300702948,188.9733333,0,0,0,0,1
208,189.1908617,70,1,207,210,188.9733333,189.8754422,0.902108844,0.300702948,189.2740363,-0.083174603,-0.276600557,-0.553201115,0.723399443,1
209,189.6091383,70,2,207,210,188.9733333,189.8754422,0.902108844,0.300702948,189.5747392,0.034399093,0.114395596,0.228791192,2.114395596,1
210,189.8754422,71,0,210,213,189.8754422,190.7504762,0.875034013,0.291678004,189.8754422,0,0,0,0,1
211,190.0955556,71,1,210,213,189.8754422,190.7504762,0.875034013,0.291678004,190.1671202,-0.071564625,-0.245354892,-0.490709785,0.754645108,1
212,190.4798413,71,2,210,213,189.8754422,190.7504762,0.875034013,0.291678004,190.4587982,0.021043084,0.072144913,0.144289827,2.072144913,1
213,190.7504762,72,0,213,216,190.7504762,191.6063946,0.855918368,0.285306123,190.7504762,0,0,0,0,1
214,190.9764399,72,1,213,216,190.7504762,191.6063946,0.855918368,0.285306123,191.0357823,-0.059342404,-0.207995549,-0.415991098,0.792004451,1
215,191.3119274,72,2,213,216,190.7504762,191.6063946,0.855918368,0.285306123,191.3210884,-0.009160997,-0.032109361,-0.064218722,1.967890639,1
216,191.6063946,73,0,216,219,191.6063946,192.5095238,0.903129252,0.301043084,191.6063946,0,0,0,0,1
217,191.7884127,73,1,216,219,191.6063946,192.5095238,0.903129252,0.301043084,191.9074376,-0.119024944,-0.395375115,-0.79075023,0.604624885,1
218,192.2140816,73,2,216,219,191.6063946,192.5095238,0.903129252,0.301043084,192.2084807,0.005600907,0.018605001,0.037210003,2.018605001,1
219,192.5095238,74,0,219,222,192.5095238,193.4169615,0.907437641,0.302479214,192.5095238,0,0,0,0,1
220,192.734127,74,1,219,222,192.5095238,193.4169615,0.907437641,0.302479214,192.812003,-0.07787604,-0.257459145,-0.51491829,0.742540855,1
221,193.1147619,74,2,219,222,192.5095238,193.4169615,0.907437641,0.302479214,193.1144822,0.000279668,0.000924585,0.001849169,2.000924585,1
222,193.4169615,75,0,222,225,193.4169615,194.278254,0.861292517,0.287097506,193.4169615,0,0,0,0,1
223,193.6081633,75,1,222,225,193.4169615,194.278254,0.861292517,0.287097506,193.704059,-0.095895692,-0.33401785,-0.668035701,0.66598215,1
224,194.004966,75,2,222,225,193.4169615,194.278254,0.861292517,0.287097506,193.9911565,0.013809524,0.048100466,0.096200931,2.048100466,1
225,194.278254,76,0,225,228,194.278254,195.1552608,0.877006803,0.292335601,194.278254,0,0,0,0,1
226,194.4664626,76,1,225,228,194.278254,195.1552608,0.877006803,0.292335601,194.5705896,-0.104126984,-0.356189885,-0.712379769,0.643810115,1
227,194.8676871,76,2,225,228,194.278254,195.1552608,0.877006803,0.292335601,194.8629252,0.004761905,0.016289172,0.032578345,2.016289172,1
228,195.1552608,77,0,228,231,195.1552608,196.0396825,0.884421769,0.294807256,195.1552608,0,0,0,0,1
229,195.4342177,77,1,228,231,195.1552608,196.0396825,0.884421769,0.294807256,195.450068,-0.01585034,-0.053765096,-0.107530191,0.946234904,1
230,195.7216327,77,2,228,231,195.1552608,196.0396825,0.884421769,0.294807256,195.7448753,-0.023242631,-0.07884009,-0.15768018,1.92115991,1
231,196.0396825,78,0,231,234,196.0396825,197.0302948,0.990612245,0.330204082,196.0396825,0,0,0,0,1
232,196.4026984,78,1,231,234,196.0396825,197.0302948,0.990612245,0.330204082,196.3698866,0.032811791,0.099368218,0.198736437,1.099368218,1
233,196.721542,78,2,231,234,196.0396825,197.0302948,0.990612245,0.330204082,196.7000907,0.021451247,0.064963602,0.129927205,2.064963602,1
234,197.0302948,79,0,234,237,197.0302948,197.9647392,0.934444444,0.311481481,197.0302948,0,0,0,0,1
235,197.2547619,79,1,234,237,197.0302948,197.9647392,0.934444444,0.311481481,197.3417763,-0.087014361,-0.279356452,-0.558712903,0.720643548,1
236,197.5905669,79,2,234,237,197.0302948,197.9647392,0.934444444,0.311481481,197.6532577,-0.062690855,-0.201266715,-0.402533431,1.798733285,1
237,197.9647392,80,0,237,240,197.9647392,199.4621315,1.49739229,0.499130763,197.9647392,0,0,0,0,1
238,198.4136281,80,1,237,240,197.9647392,199.4621315,1.49739229,0.499130763,198.46387,-0.050241874,-0.100658741,-0.201317482,0.899341259,1
239,198.8578005,80,2,237,240,197.9647392,199.4621315,1.49739229,0.499130763,198.9630008,-0.105200302,-0.210767016,-0.421534032,1.789232984,1
240,199.4621315,81,0,240,243,199.4621315,200.6496825,1.187551021,0.39585034,199.4621315,0,0,0,0,1
241,199.8707483,81,1,240,243,199.4621315,200.6496825,1.187551021,0.39585034,199.8579819,0.01276644,0.032250672,0.064501345,1.032250672,1
242,200.3206122,81,2,240,243,199.4621315,200.6496825,1.187551021,0.39585034,200.2538322,0.066780045,0.168700235,0.337400469,2.168700235,1
243,200.6496825,82,0,243,246,200.6496825,201.6431066,0.993424036,0.331141345,200.6496825,0,0,0,0,1
244,200.9114739,82,1,243,246,200.6496825,201.6431066,0.993424036,0.331141345,200.9808239,-0.069349962,-0.209427072,-0.418854144,0.790572928,1
245,201.309229,82,2,243,246,200.6496825,201.6431066,0.993424036,0.331141345,201.3119652,-0.002736206,-0.008262954,-0.016525908,1.991737046,1
246,201.6431066,83,0,246,249,201.6431066,202.6435828,1.00047619,0.333492063,201.6431066,0,0,0,0,1
247,201.8972109,83,1,246,249,201.6431066,202.6435828,1.00047619,0.333492063,201.9765986,-0.079387755,-0.238049909,-0.476099818,0.761950091,1
248,202.3144444,83,2,246,249,201.6431066,202.6435828,1.00047619,0.333492063,202.3100907,0.004353741,0.013055007,0.026110015,2.013055007,1
249,202.6435828,84,0,249,252,202.6435828,203.5506122,0.907029479,0.30234316,202.6435828,0,0,0,0,1
250,202.8747166,84,1,249,252,202.6435828,203.5506122,0.907029479,0.30234316,202.9459259,-0.071209373,-0.235525,-0.47105,0.764475,1
251,203.2447619,84,2,249,252,202.6435828,203.5506122,0.907029479,0.30234316,203.2482691,-0.00350718,-0.011599999,-0.023199998,1.988400001,1
252,203.5506122,85,0,252,255,203.5506122,204.5068934,0.956281179,0.318760393,203.5506122,0,0,0,0,1
253,203.7724263,85,1,252,255,203.5506122,204.5068934,0.956281179,0.318760393,203.8693726,-0.096946334,-0.304135445,-0.60827089,0.695864555,1
254,204.1865079,85,2,252,255,203.5506122,204.5068934,0.956281179,0.318760393,204.188133,-0.001625094,-0.005098168,-0.010196336,1.994901832,1
255,204.5068934,86,0,255,258,204.5068934,205.3313832,0.824489796,0.274829932,204.5068934,0,0,0,0,1
256,204.6802041,86,1,255,258,204.5068934,205.3313832,0.824489796,0.274829932,204.7817234,-0.101519274,-0.369389438,-0.738778875,0.630610562,1
257,205.0631293,86,2,255,258,204.5068934,205.3313832,0.824489796,0.274829932,205.0565533,0.006575964,0.023927394,0.047854788,2.023927394,1
258,205.3313832,87,0,258,261,205.3313832,206.2435374,0.912154195,0.304051398,205.3313832,0,0,0,0,1
259,205.5129705,87,1,258,261,205.3313832,206.2435374,0.912154195,0.304051398,205.6354346,-0.122464096,-0.402774324,-0.805548647,0.597225676,1
260,205.9238322,87,2,258,261,205.3313832,206.2435374,0.912154195,0.304051398,205.939486,-0.015653817,-0.051484113,-0.102968227,1.948515887,1
261,206.2435374,88,0,261,264,206.2435374,207.0983673,0.854829932,0.284943311,206.2435374,0,0,0,0,1
262,206.4543311,88,1,261,264,206.2435374,207.0983673,0.854829932,0.284943311,206.5284807,-0.07414966,-0.260226006,-0.520452012,0.739773994,1
263,206.7740363,88,2,261,264,206.2435374,207.0983673,0.854829932,0.284943311,206.813424,-0.039387755,-0.138230146,-0.276460291,1.861769854,1
264,207.0983673,89,0,264,267,207.0983673,207.98,0.881632653,0.293877551,207.0983673,0,0,0,0,1
265,207.3295918,89,1,264,267,207.0983673,207.98,0.881632653,0.293877551,207.3922449,-0.062653061,-0.213194444,-0.426388887,0.786805556,1
266,207.6870295,89,2,264,267,207.0983673,207.98,0.881632653,0.293877551,207.6861224,0.000907029,0.003086418,0.006172836,2.003086418,1
267,207.98,90,0,267,270,207.98,208.867483,0.887482993,0.295827664,207.98,0,0,0,0,1
268,208.1899773,90,1,267,270,207.98,208.867483,0.887482993,0.295827664,208.2758277,-0.08585034,-0.290203895,-0.580407789,0.709796105,1
269,208.5956463,90,2,267,270,207.98,208.867483,0.887482993,0.295827664,208.5716553,0.02399093,0.081097657,0.162195313,2.081097657,1
270,208.867483,91,0,270,273,208.867483,209.7750567,0.907573696,0.302524565,208.867483,0,0,0,0,1
271,209.0543537,91,1,270,273,208.867483,209.7750567,0.907573696,0.302524565,209.1700076,-0.115653817,-0.382295624,-0.764591247,0.617704376,1
272,209.4697506,91,2,270,273,208.867483,209.7750567,0.907573696,0.302524565,209.4725321,-0.002781557,-0.009194482,-0.018388964,1.990805518,1
273,209.7750567,92,0,273,276,209.7750567,210.6398639,0.864807257,0.288269086,209.7750567,0,0,0,0,1
274,209.9628571,92,1,273,276,209.7750567,210.6398639,0.864807257,0.288269086,210.0633258,-0.100468632,-0.348523781,-0.697047562,0.651476219,1
275,210.3523356,92,2,273,276,209.7750567,210.6398639,0.864807257,0.288269086,210.3515949,0.000740741,0.002569615,0.005139231,2.002569615,1
276,210.6398639,93,0,276,279,210.6398639,211.5198866,0.880022675,0.293340892,210.6398639,0,0,0,0,1
277,210.9039456,93,1,276,279,210.6398639,211.5198866,0.880022675,0.293340892,210.9332048,-0.02925926,-0.099744906,-0.199489812,0.900255094,1
278,211.2160771,93,2,276,279,210.6398639,211.5198866,0.880022675,0.293340892,211.2265457,-0.010468631,-0.035687596,-0.071375193,1.964312404,1
279,211.5198866,94,0,279,282,211.5198866,212.5006803,0.980793651,0.326931217,211.5198866,0,0,0,0,1
280,211.8680726,94,1,279,282,211.5198866,212.5006803,0.980793651,0.326931217,211.8468178,0.021254724,0.065012831,0.130025662,1.065012831,1
281,212.2057596,94,2,279,282,211.5198866,212.5006803,0.980793651,0.326931217,212.1737491,0.032010582,0.097912283,0.195824567,2.097912283,1
282,212.5006803,95,0,282,285,212.5006803,213.5081633,1.007482993,0.335827664,212.5006803,0,0,0,0,1
283,212.8165986,95,1,282,285,212.5006803,213.5081633,1.007482993,0.335827664,212.8365079,-0.019909297,-0.059284268,-0.118568536,0.940715732,1
284,213.1378231,95,2,282,285,212.5006803,213.5081633,1.007482993,0.335827664,213.1723356,-0.034512472,-0.1027684,-0.2055368,1.8972316,1
285,213.5081633,96,0,285,288,213.5081633,0,-213.5081633,-71.16938776,213.5081633,0,0,0,0,0
286,213.9963946,96,1,285,288,213.5081633,0,-213.5081633,-71.16938776,142.3387755,71.65761905,-1.006860131,-2.013720261,-0.006860131,0
